timestamp_utc,direction,token,amount,rate_usd,rate_source,usd,size_band,counterparty,tx_hash,log_index,class_coarse,class_fine
2026-04-24T20:07:19,IN,MENTE,10000.000000,0.01522539,day-market,152.2539,,0x45d0cEAd7c0a2E1a0528C4131A2d95DE9a394839,0x25b3cf31e3494e6c3df7bd611806a4767aaa550d5573b1ed039b6146dc9ca112,175,,
2026-04-24T22:13:15,OUT,MENTE,65.490543,0.01522539,day-market,0.9971,≈ $1,0x5464548288925b5A0632f18566e40ee5482c89e8,0x0d6d61fb12d614c7706abb870dcc8bef856157ad6ffe0cc3346ecd27aebe88f1,357,equip,equip
2026-04-24T22:31:55,OUT,MENTE,1984.561901,0.01522539,day-market,30.2157,other size,0x519e5e139610F7e6c954Df775e395BbED76D1aFf,0xc9be8256c058e210b7b47981d925045c530f4f59ae5cfda2d1c80a766bb43927,328,nonstandard,nonstandard (large)
2026-04-24T22:58:15,IN,MENTE,65000.000000,0.01522539,day-market,989.6504,,0x45d0cEAd7c0a2E1a0528C4131A2d95DE9a394839,0x0f0f633eceab8d24687567f929851858d2303fe6f1375188c97a797b70f49613,43,,
2026-04-24T23:21:25,OUT,MENTE,396.912380,0.01522539,day-market,6.0431,other size,0xb9fb2426AD7805F2E04fD08d3470924BF9bD443E,0x99c31710d9e3d1c39eadaf97f9f1c3df676bae14dd75cbea1026f76820e39aed,338,nonstandard,nonstandard (large)
2026-04-25T00:18:25,OUT,MENTE,65.490543,0.01512813,day-market,0.9907,≈ $1,0xEB36f99Ca18f370959C47657D2A05A393b850A16,0x7a3401bcee32a4a65b843aafa0c214e8cd12ee19e8c97ccf26b2bded3b6b6c51,768,equip,equip
2026-04-25T00:18:55,OUT,MENTE,65.490543,0.01512813,day-market,0.9907,≈ $1,0x45c6A894Bc71Af7dD8fb8bC53ecB5e7Fb3BbBCBe,0x27c6f87638c1b63cf4265351a50d3b49831cef8354447651c6794904d0bf7c56,404,equip,equip
2026-04-25T03:20:27,OUT,MENTE,65.490543,0.01512813,day-market,0.9907,≈ $1,0x3156799C49a8bCB939d6A1dB1cA3d402935E1949,0x15199c7dc6f198eaae179f7e742f322113058c7f980812cc5d75a2fedc85f206,467,equip,equip
2026-04-25T03:23:17,OUT,MENTE,65.490543,0.01512813,day-market,0.9907,≈ $1,0xe7E351CFedA6AbD0b94b15bded94F3198dc62a93,0x9ba468ccbd656de667e1c17b47be7d8d9971e758602af77f9022496826aa2816,314,equip,equip
2026-04-25T04:08:39,OUT,MENTE,65.490543,0.01512813,day-market,0.9907,≈ $1,0x4d0685B7AB1D8235F1A4b7A48a9bdC6cBFE43aA5,0xaeabb9751fd889f41febb6ad423e2514d87bb9dd57a59467c92bedeb5a97cb67,188,equip,equip
2026-04-25T04:58:59,OUT,MENTE,65.490543,0.01512813,day-market,0.9907,≈ $1,0xb9fb2426AD7805F2E04fD08d3470924BF9bD443E,0xf31e6d917632143b32b45b2a0b5ad9aa2bd19a85b743d3b3c4a511e4625caa4f,150,equip,equip
2026-04-25T05:00:39,OUT,MENTE,65.490543,0.01512813,day-market,0.9907,≈ $1,0xb9fb2426AD7805F2E04fD08d3470924BF9bD443E,0x12f85a0311c9841e6b4d3ed878d66df64acb99f9af108a183fd2afac2de1980c,123,equip,equip
2026-04-25T05:01:07,OUT,MENTE,65.490543,0.01512813,day-market,0.9907,≈ $1,0xb9fb2426AD7805F2E04fD08d3470924BF9bD443E,0x8cb78507bd1669572ad023e59cbd176ea3396faed5c1d93b9cc1d2be808b3500,448,equip,equip
2026-04-25T05:07:29,OUT,MENTE,65.490543,0.01512813,day-market,0.9907,≈ $1,0x4d0685B7AB1D8235F1A4b7A48a9bdC6cBFE43aA5,0xb8b851693480d1eac93cb05c6c8b3b66322621af2b6766a552bb96f232f731aa,175,equip,equip
2026-04-25T05:31:29,OUT,MENTE,65.490543,0.01512813,day-market,0.9907,≈ $1,0xfcB73Ee095038807D08489eD2d3d3A706c0DF824,0x82fd0ff480a8069bf2923f989cb849bb9ccab79ea791f6a4b6160fe68425e8f3,215,equip,equip
2026-04-25T06:35:09,OUT,MENTE,65.490543,0.01512813,day-market,0.9907,≈ $1,0xDa9d9Ec3f3955fC346a24BEda9B7C3eea90Fe5F1,0x2e7c1bf2e9d8ed2de28a169e37b7665cb8e67825d90c6f5b230838159e9c1074,476,equip,equip
2026-04-25T06:35:09,OUT,MENTE,65.490543,0.01512813,day-market,0.9907,≈ $1,0xe29D0f113580B0966B4A073a209274697aEE2aa3,0x83ecbf5b42948a280fafb53db67cd3d51d038b793592c8a64824ed6a3d6f82c0,477,equip,equip
2026-04-25T07:10:39,OUT,MENTE,65.490543,0.01512813,day-market,0.9907,≈ $1,0x2eD2C1aB26bcF22f566cE476A5545F59B4Bc4eB5,0x0741be75e9929e94066b1b1324580b3dc63c4bb94cec3c2d3c69d34ef8320694,633,equip,equip
2026-04-25T08:49:41,OUT,MENTE,661.520634,0.01512813,day-market,10.0076,≈ $10,0x4c6d5F18C1D39C4026197d05F0B9ED2Ac374a5bd,0x57722db6b2f19095babba69260082a021746521de236d0444b3382a6b691c7c4,306,growth,stripe $10
2026-04-25T09:30:01,OUT,MENTE,1323.041267,0.01512813,day-market,20.0151,≈ $20,0x73d8724659278654f3B07a3289e6C5D356805216,0x53c8559676d5604069b1def01ba5e75abd35730028d48696a2b9dc897d727ce6,511,growth,stripe $20
2026-04-25T09:36:41,OUT,MENTE,1323.041267,0.01512813,day-market,20.0151,≈ $20,0xA7c4F5D4A336D33A694d7A070d674C10A45D39AB,0x7a3045835eb71f9afe6b5b27ca439c3afe85ca6c0aec3a0a69acf3080e44f4e3,440,growth,stripe $20
2026-04-25T09:54:11,OUT,MENTE,661.520634,0.01512813,day-market,10.0076,≈ $10,0xc52f0c70262ab3D3ae7c7a3801F516dD81EF9351,0xe3418d87c2312871393e2082b5c69c29a8582208648424ff7f0cc7f9e87ae0a8,434,growth,stripe $10
2026-04-25T11:30:53,OUT,MENTE,65.490543,0.01512813,day-market,0.9907,≈ $1,0xb9fb2426AD7805F2E04fD08d3470924BF9bD443E,0x0900d746a499abd87ffa91d70b203e4ee8973e4c0cbb50103821e7254d929d38,267,equip,equip
2026-04-25T11:31:03,OUT,MENTE,65.490543,0.01512813,day-market,0.9907,≈ $1,0x4d0685B7AB1D8235F1A4b7A48a9bdC6cBFE43aA5,0x2e19cc2cea9b3d3f3d6cb9679256d85e342d5e08e05b88f2f0aba937f79e0da9,178,equip,equip
2026-04-25T14:00:45,OUT,MENTE,65.490543,0.01512813,day-market,0.9907,≈ $1,0xfe11C2CD4C0BDD43C621cd57dC9aCAD722fb3EF3,0xe455013c9566f3e4b1b108ec6f959d6b6b3b5d70701f47da42aa7884d93d777f,507,equip,equip
2026-04-25T14:05:15,OUT,MENTE,65.490543,0.01512813,day-market,0.9907,≈ $1,0xf02B54EC567026621d71b94a6a139E89ab4Fc4Ef,0x79df41b8434efc4747ea440baeb46c28ec1d486df7b618143f86ad7d44056625,329,equip,equip
2026-04-25T14:30:25,OUT,MENTE,1323.041267,0.01512813,day-market,20.0151,≈ $20,0x49F5834CFFBa3f7a4831F6043D6CcFdAeb67ADF6,0xa03e116996c096ca8ad2e4ac21b6ebf5194ed464deee4e365a0ee21e2bfc30e5,398,growth,stripe $20
2026-04-25T14:37:15,OUT,MENTE,65.490543,0.01512813,day-market,0.9907,≈ $1,0xe29D0f113580B0966B4A073a209274697aEE2aa3,0xcc7842b3c09e8046f16988b401054bc2bda975d144ff82d2402c53c8c92fec7c,485,equip,equip
2026-04-25T14:40:55,OUT,MENTE,1323.041267,0.01512813,day-market,20.0151,≈ $20,0xc4F984a169a60CfAB0cEA7dFE090BD3F532Fc756,0xff4771dc7a506f561eec924c56a816338e266e77fa142487ae2adc9ac6b3fa56,470,growth,stripe $20
2026-04-25T15:01:15,OUT,MENTE,1323.041267,0.01512813,day-market,20.0151,≈ $20,0xB9405A1826CafFD379Cbf8c5ca3E3B0Ad5Ae3a34,0x56a46d2a499dd94bf23dcbb485f0bed0925f5ea8810be1bdaa9910e5a3050558,536,growth,stripe $20
2026-04-25T16:09:27,OUT,MENTE,65.490543,0.01512813,day-market,0.9907,≈ $1,0xDa9d9Ec3f3955fC346a24BEda9B7C3eea90Fe5F1,0x28f479a2320e2594c6e5b1188f2f31e541aa04b06c1922d0366618a3ad8edd9d,261,equip,equip
2026-04-25T16:09:27,OUT,MENTE,65.490543,0.01512813,day-market,0.9907,≈ $1,0xDa9d9Ec3f3955fC346a24BEda9B7C3eea90Fe5F1,0x7a70b7a0586bbfd65e014b1e7f1c44ff898fc0753770c417e207218e8fd136b6,171,equip,equip
2026-04-25T18:48:57,OUT,MENTE,1323.207319,0.01512813,day-market,20.0177,≈ $20,0xd6d381D8A31959B1C268bc65f75Df5f9c8C2f97B,0x816ee38a5636f76fc154070198dc99bf5f96d0f801fd75f7be79b3fc1a390b9f,421,growth,stripe $20
2026-04-25T19:04:07,OUT,MENTE,65.498762,0.01512813,day-market,0.9909,≈ $1,0xb9fb2426AD7805F2E04fD08d3470924BF9bD443E,0xdf416de1704f4496ffa515564d10681d4e470c6832110d23c9b881122cdabee8,446,equip,equip
2026-04-25T19:04:09,OUT,MENTE,65.498762,0.01512813,day-market,0.9909,≈ $1,0xb1a54D01B9b53f8D4Fa2b4DA6CCaFA6716bbCa97,0xe5b7456dfe0572051859c60550aa761af703b821d65c8fcbf5cb95f8d1324450,50,equip,equip
2026-04-25T19:37:59,OUT,MENTE,65.498762,0.01512813,day-market,0.9909,≈ $1,0x72295eE11803b81A4229AB5F67EA50a8CB4C2c68,0x63fc918eaf9bdc90b065cf17b0e0358bb5860c20f74c6e363ed328206fec8c01,329,equip,equip
2026-04-25T19:37:59,OUT,MENTE,65.498762,0.01512813,day-market,0.9909,≈ $1,0x9c628B29b997360E349bf966D7B6f976c5F8542c,0xec0eb2154e79db9644f29c4201c495d28cbaac04dabeabdd620cc7890dbcab40,92,equip,equip
2026-04-25T20:28:49,OUT,MENTE,65.503926,0.01512813,day-market,0.9910,≈ $1,0xDa9d9Ec3f3955fC346a24BEda9B7C3eea90Fe5F1,0x4658cc483170fb2e4c13bf012f684e188408a772c3f5b4a6b4166ddc2ae7b113,283,equip,equip
2026-04-25T21:37:29,OUT,MENTE,65.503926,0.01512813,day-market,0.9910,≈ $1,0xe7E351CFedA6AbD0b94b15bded94F3198dc62a93,0x9df4260584c38be6941a4e9c0ae4b225efdaae3cdec60103310d2f8349c51f78,438,equip,equip
2026-04-26T05:20:55,OUT,MENTE,330.827907,0.01509383,day-market,4.9935,≈ $5,0x40Aa4a345A21AC24DC841CA91E9c1e8EdDbd9432,0x095f93e6fe0d5bf8ee9418caefa5fa1027a0f2848fe2a4b7b4b8e2df7c606b1a,146,growth,referral $5
2026-04-26T05:21:15,OUT,MENTE,65.503926,0.01509383,day-market,0.9887,≈ $1,0x986597787D5fAAfDe21dd56808C48064b3171b04,0x863af7b3b6a930cf528631bb1661ad1f8aca61c0319b9ea76eab52d825fff6eb,105,equip,equip
2026-04-26T05:23:35,OUT,MENTE,330.827907,0.01509383,day-market,4.9935,≈ $5,0x5D9B9f643a829162f74bEfc256FDe6E1FBc96668,0xadf91c8e5518a6f2ed28d5271445a919848c04a0e607caef5132c10735b129fe,166,growth,referral $5
2026-04-26T05:24:15,OUT,MENTE,330.827907,0.01509383,day-market,4.9935,≈ $5,0x6262c3F1bd77250cbbBf27ea91427c6Ba0F183E1,0xd60f488a2821f136acad64b90d9b822d791a538c14d825f180c9844e62c627ff,83,growth,referral $5
2026-04-26T05:25:05,OUT,MENTE,330.827907,0.01509383,day-market,4.9935,≈ $5,0x0d0ECc3507C2Df77B1781C20e3A9341eC0D880bA,0xfe312912c7cdf64db18020c39777e5ca57c9eb8fb058032808daf9c8afd617e1,148,growth,referral $5
2026-04-26T05:28:05,OUT,MENTE,330.827907,0.01509383,day-market,4.9935,≈ $5,0x283E72Ba027d6E36Fad93168C5246e1cDd1Ea1ec,0x6c39ef7c849a6c0b706d74dd52b8bee6b6e0ad37a12090ed5dc977128d75c064,381,growth,referral $5
2026-04-26T09:36:27,OUT,MENTE,1323.311627,0.01509383,day-market,19.9738,≈ $20,0x17B7C8D338cC591E91533FFa69c8d7197AD78575,0x020e8019464aeaa2eddea3080d09f6d9e82ce5f84fb9062b36dc42ec7e57e915,298,growth,stripe $20
2026-04-26T13:23:41,OUT,MENTE,463.082596,0.01509383,day-market,6.9897,other size,0x63e87Beb6CD44d2eA84C4e74141e9Ee793F3f5D6,0xa1daa63206d9bf7fd674b984a058a01fe527f65919f19f6ce1660ffdb4fc890d,177,nonstandard,nonstandard (large)
2026-04-26T14:29:41,OUT,MENTE,1984.639698,0.01509383,day-market,29.9558,other size,0xbdE9C9cfD52C9d0BD592D549F17C893B681a5d0c,0xecb40afae90b0f137cccce6b30dc0d0f1ee3f798db449142565e072f19ceb2c7,287,nonstandard,nonstandard (large)
2026-04-26T15:50:31,OUT,MENTE,1323.093132,0.01509383,day-market,19.9705,≈ $20,0x958e4C1c33b4928D42BDc1A4108cfa625CdFBed1,0xc3cc62a8c39e4f52bbb786a4b4018f1905e5fa1f5b117180a60b1b4dba6414a4,350,growth,stripe $20
2026-04-26T17:10:03,OUT,MENTE,463.082596,0.01509383,day-market,6.9897,other size,0x986597787D5fAAfDe21dd56808C48064b3171b04,0xbee9772a6a713d5fef492df20d3e70e351e795873a54440bbd094362e23d3af9,351,nonstandard,nonstandard (large)
2026-04-26T17:19:39,OUT,MENTE,65.493110,0.01509383,day-market,0.9885,≈ $1,0x69ad0d2552990EF8B7755FABA6b2539B026d8299,0x13ab1acde2642242f126e12c79cc0fd1fb734a09ea86e4ef289f836ec80d5997,378,equip,equip
2026-04-26T17:19:39,OUT,MENTE,65.493110,0.01509383,day-market,0.9885,≈ $1,0xcA543a9FF26c5340b70b848066D4560AA6495A21,0x21df84467be7f7d765923a19e345aa894c60236d0ff1a3c82862f5842a70111e,377,equip,equip
2026-04-26T17:19:39,OUT,MENTE,65.493110,0.01509383,day-market,0.9885,≈ $1,0x51f486bC04dd2AA790f8D1096526A46D6EEE20ea,0x6172326f1a016987b7e9f22620e0613c883050b327edd015d891425649deb1ee,386,equip,equip
2026-04-26T17:19:39,OUT,MENTE,65.493110,0.01509383,day-market,0.9885,≈ $1,0x6d466C0d5652B2C57642C6382Bfc154587db14d0,0xbb7064dfa55375ae2ab7e2b2128456eefdfb4726e191830453571ca5cc6fa6c5,385,equip,equip
2026-04-26T17:48:23,OUT,MENTE,1323.093132,0.01509383,day-market,19.9705,≈ $20,0x05E7F324f1cF8D0b9b9A5a6e113cb3CfEA40c9a8,0xc0fc86e3ffa5c78ffe82a84d204aa4dc537b07ae143dbebfb2c5bb5fd1b818c3,552,growth,stripe $20
2026-04-26T17:52:13,OUT,MENTE,65.493110,0.01509383,day-market,0.9885,≈ $1,0x1f31e017B09F25AA5eb899381163eaeC1c9a3760,0x1c155cee6a64017d487f550c25b4f5d4aefbc533582df9d4d31faa5f634dfe22,327,equip,equip
2026-04-26T18:59:03,OUT,MENTE,1323.093132,0.01509383,day-market,19.9705,≈ $20,0xed3CC23414dcA92582b88Cd034aB9004a7b36388,0xbbf9cd01f753627a2bc5218de8f426965a4a6a4cbee9f73c1fcb1524f8f40be6,292,growth,stripe $20
2026-04-26T19:48:53,OUT,MENTE,330.745198,0.01509383,day-market,4.9922,≈ $5,0xFC8e55228C1Fd0B71ea158eE17D03a775a55E6e1,0x654ab515d77f0cc59471ac4e6e3375e690cf7bcc33f0838b7e137443dd63dadf,555,growth,referral $5
2026-04-26T23:08:47,OUT,MENTE,330.745198,0.01509383,day-market,4.9922,≈ $5,0x920CABd0e9228a131eDa8001d71d5783C11181E4,0x28483dcd4b3964f4fcff540c6139bd3d92a9d61f4c4fc11baacd524c5c5f8ddc,236,growth,referral $5
2026-04-27T00:22:07,OUT,MENTE,65.487549,0.01513412,day-market,0.9911,≈ $1,0x78f8f65bE72F2Cbf3b10ed47Fd6a289c7974f15c,0x385fede0539c6de2e06b4909513d7947a9af63496a1ef672758a162f994f3990,585,equip,equip
2026-04-27T00:22:07,OUT,MENTE,65.487549,0.01513412,day-market,0.9911,≈ $1,0xb1a54D01B9b53f8D4Fa2b4DA6CCaFA6716bbCa97,0x6964c2b6ea4c099179e315bde87129b3d480f7e51477c8f5352037dd901b36d5,620,equip,equip
2026-04-27T02:36:19,OUT,MENTE,65.435508,0.01513412,day-market,0.9903,≈ $1,0x78f8f65bE72F2Cbf3b10ed47Fd6a289c7974f15c,0x2406d4587a0a9af63fdc6e11d78fc6f981eeef5bffba351d0db8a4e3009a0c6a,63,equip,equip
2026-04-27T02:47:19,OUT,MENTE,65.435508,0.01513412,day-market,0.9903,≈ $1,0x0D4D23bE18c8f2e4e9A49c45960e673822BAa6c7,0xc3e91edc85a988118e425304227a112bc4564342b567282b8ea0b66cac0b5b2c,267,equip,equip
2026-04-27T03:31:19,OUT,MENTE,330.406408,0.01513412,day-market,5.0004,≈ $5,0x44A027c913e197fc4e0f26b5fFaa9e8A6F0b96F8,0xb5d1fccd82cbd1bc80644cdce5bf0a6d0eb26630d5562a10a743bd94f052305a,426,growth,referral $5
2026-04-27T03:36:09,OUT,MENTE,330.382788,0.01513412,day-market,5.0001,≈ $5,0x69232f0951f487A01B4fD9CecDE4Ca91e10F060C,0x424cc0f5fca297a600e546c30b6e859a4c53cc0480a2b538e9ec8fe3decf891a,229,growth,referral $5
2026-04-27T03:45:39,OUT,MENTE,330.382788,0.01513412,day-market,5.0001,≈ $5,0xac54c80e38E157F14ff6B04d87C37A91381F9219,0xc2a981d4b67543012b24c6787ad6d0a26025cc3bdb4d3a9cad69e91452f2eea3,342,growth,referral $5
2026-04-27T03:52:09,OUT,MENTE,330.382788,0.01513412,day-market,5.0001,≈ $5,0xB4B6dFA69C0bBdfb93a797F33759590052c262aa,0x5a3f6e9fed1c99a419f751d76bae30efb291ac543ae1cc810fd6c951cd2fc31c,406,growth,referral $5
2026-04-27T04:34:29,OUT,MENTE,1321.531154,0.01513412,day-market,20.0002,≈ $20,0xAC09996319B9EEC6ff5F29eB93E8FB06DA8B4663,0x2b9da30f389dec47f28e243e15db93dec1ee4e4986520489a18598cb17af470c,415,growth,stripe $20
2026-04-27T04:59:49,OUT,MENTE,330.382788,0.01513412,day-market,5.0001,≈ $5,0x401c1d00587d3d9aE4ADcA6F19B024718423d0FC,0xc82a9280aaa2fa0192646b3154ba64fe43e236087b3c3e94315f14465a5b8edf,260,growth,referral $5
2026-04-27T05:55:57,OUT,MENTE,65.465684,0.01513412,day-market,0.9908,≈ $1,0xDa9d9Ec3f3955fC346a24BEda9B7C3eea90Fe5F1,0x2065e43685b22acc05eddecadd5e4b59d88f038fa3b397023e32726771d841b5,479,equip,equip
2026-04-27T05:55:57,OUT,MENTE,65.465684,0.01513412,day-market,0.9908,≈ $1,0x11cc1Da07CfFC2C98021958E0B9bDed4281B8797,0x322c28f444dd427dea7e45dab5770e3a1abb56063f4141b5a5b994cf6f252a6c,478,equip,equip
2026-04-27T05:55:57,OUT,MENTE,65.465684,0.01513412,day-market,0.9908,≈ $1,0xb1a54D01B9b53f8D4Fa2b4DA6CCaFA6716bbCa97,0xba28cefeac3f98659f241d9b51e7d5037e8f83b70d8528e3d95fd66b73878758,418,equip,equip
2026-04-27T05:55:57,OUT,MENTE,65.465684,0.01513412,day-market,0.9908,≈ $1,0x31e4b84EB0aF34d74369711f3055556A0454adf9,0xce61c1def779f13214010aeca26a55a07ed683a5af5637540e063b1582e4d6f5,465,equip,equip
2026-04-27T06:07:41,OUT,MENTE,330.682334,0.01513412,day-market,5.0046,≈ $5,0xEA4c01eDb603aBb1FEA19c783fcF4fd744c65D3e,0x96551212e006bf9599d762bafdfbfd39bb88c3fa6ac0fca765dd8dccb0f5ff10,192,growth,referral $5
2026-04-27T06:24:21,OUT,MENTE,65.475102,0.01513412,day-market,0.9909,≈ $1,0x6a5DB07f3fD057268f233CF766F39BECe33E637f,0x95e48253e09c6d6d01ed7e845506196ce6e70c8c2f9bfaac20aa4b25d674b7b3,336,equip,equip
2026-04-27T06:52:51,OUT,MENTE,330.808167,0.01513412,day-market,5.0065,≈ $5,0x459cB51b38faE954b28c54792a2da06Ba0917328,0x88d50d37fe2664764acf5ddc3b20d268b8911d032c4285c305a0440c0ce2df59,282,growth,referral $5
2026-04-27T07:13:51,OUT,MENTE,1984.849002,0.01513412,day-market,30.0389,other size,0x178223cd584447DE03Ac4B36d789946A77ebD069,0xf37ad6e2640209c7e2ffb85a7c2cb7d82430cca603092a16514e7ec5f5e9bf24,569,nonstandard,nonstandard (large)
2026-04-27T07:16:11,OUT,MENTE,1323.232668,0.01513412,day-market,20.0260,≈ $20,0xfAee875E4C72d24e1bA6d519155e71D84dda3dcb,0x5859460914c00b598a5bd8bbb4aa163c9a191e1f8118b5956e212e3796097b4c,889,growth,stripe $20
2026-04-27T07:32:03,OUT,MENTE,330.808167,0.01513412,day-market,5.0065,≈ $5,0x36e2d3ea30228a5959e3b3aDCB02858E70E5AA86,0xad62f95bf9cbb4a8e4654d71c04d80ff8578e93b711267993f2df99ef20074af,121,growth,referral $5
2026-04-27T08:39:33,OUT,MENTE,65.500017,0.01513412,day-market,0.9913,≈ $1,0x78f8f65bE72F2Cbf3b10ed47Fd6a289c7974f15c,0xc9527f2dd79ffa49b4629ba024f0ab83dd1b2d3f50369839847ce881119b29a3,272,equip,equip
2026-04-27T09:50:13,OUT,MENTE,330.818435,0.01513412,day-market,5.0066,≈ $5,0xe39bEFEEf4320Fc5F4Eb5b5804d5E3F2c8a8f9e4,0x0b9d5ba2efa0000f57bd22da183dc0d27d7ee0bd00a8555a364aa8a94d02e0d3,473,growth,referral $5
2026-04-27T09:58:03,OUT,MENTE,661.636870,0.01513412,day-market,10.0133,≈ $10,0xe0Ab83948Cdb9BcC9F868f22798EA634693c4D15,0x0bfa69ca431d025cf5b63cdcf25342c74200261db95c1d71c3cb23dc07d3fb49,490,growth,stripe $10
2026-04-27T10:03:25,OUT,MENTE,330.818435,0.01513412,day-market,5.0066,≈ $5,0x8c55c927F943945dBaC871e12f0D578CEE94756F,0x4d817f238bddaadb0a7c81fbb394b2f61516dc1f3dbcce5ee4d727776078d9ab,70,growth,referral $5
2026-04-27T10:15:25,OUT,MENTE,65.502050,0.01513412,day-market,0.9913,≈ $1,0x78f8f65bE72F2Cbf3b10ed47Fd6a289c7974f15c,0xf546e0a4c8d4fabe4c5e3c5aba6c033639ea5550e0a666c341704b87dafb4e5c,160,equip,equip
2026-04-27T10:37:45,OUT,MENTE,1323.273740,0.01513412,day-market,20.0266,≈ $20,0xEBCF2494efE66042bfE650a95a2349AB70569876,0x6cf4217b82045d28bb66885d8e758f40e4b3f36b83f2881eb859fa3b661f6944,125,growth,stripe $20
2026-04-27T10:45:05,OUT,MENTE,661.636870,0.01513412,day-market,10.0133,≈ $10,0x4B264D251B5ee0011fBdc7D543C517fEd4733627,0x00e0b28ea0b4feafe58fe24d2b9623a5cc16afb1575f9dba2fc4eb840e9af82a,365,growth,stripe $10
2026-04-27T10:45:05,OUT,MENTE,661.636870,0.01513412,day-market,10.0133,≈ $10,0x443D5672e465fC15bC2d2dab8Ef06Bee286A6CdF,0x18d7d8d96bf5451bce850fa04edd22fe4f074e4782414c64bf391fb95688494e,391,growth,stripe $10
2026-04-27T10:45:05,OUT,MENTE,661.636870,0.01513412,day-market,10.0133,≈ $10,0xbe3F1f1752Dc933Ee6f66Dd79e110cD743C87064,0x1cacbd1357a11cec9a18e6d3a65bcd1667674875ced87caa3e2a495704b4f089,455,growth,stripe $10
2026-04-27T10:45:05,OUT,MENTE,661.636870,0.01513412,day-market,10.0133,≈ $10,0x02f5d0E06dB7Bd7a756181Faa02A22C0b7496E52,0x304f3ba0cb5111cf1bb842b260604cc366e770162c7efdbef7257b4fc066dbfe,327,growth,stripe $10
2026-04-27T10:45:05,OUT,MENTE,661.636870,0.01513412,day-market,10.0133,≈ $10,0x68E53446C3B986bfB370e85254539dbB3E23a4d6,0x4e0b69552ab32e6963bcfb06049792e57325eaa421123da54f00d160d91318ee,421,growth,stripe $10
2026-04-27T10:45:05,OUT,MENTE,661.636870,0.01513412,day-market,10.0133,≈ $10,0xB67cf7f8eFd092B9BCe949Ece39584B810d34c45,0x620d914103841befd07a3ecf70c7e1a9e5f8728e678bcc88036930c1cb9f0c7d,334,growth,stripe $10
2026-04-27T10:45:05,OUT,MENTE,661.636870,0.01513412,day-market,10.0133,≈ $10,0x6BC0da49121772171Bf349d0013Efb0c65F9ddf7,0x7f7371948f2184ed2da93de15ae9f0d1f177625ae3ecb225ef7460ac15a3d28f,616,growth,stripe $10
2026-04-27T10:45:05,OUT,MENTE,661.636870,0.01513412,day-market,10.0133,≈ $10,0xc3c969fD643627E40FF825E57F47c1CFCFb15d1D,0x88cf382426a3f09e1a4e9ad0fcc2d2435d721793ea96a94b32f065c1fe3e565e,615,growth,stripe $10
2026-04-27T10:45:05,OUT,MENTE,661.636870,0.01513412,day-market,10.0133,≈ $10,0xF31007bCAc9d95f5007A8da133765791c47E08C0,0xe4cbe2d0f5f228088b2921ca0794dfdd044d61ce8bfdd2f694f213498f5b3784,456,growth,stripe $10
2026-04-27T10:45:05,OUT,MENTE,661.636870,0.01513412,day-market,10.0133,≈ $10,0x4e5E7B46EC8AA4c84fd22b631E78528452acE507,0xfd94cfcf13d181238ed28d5962e9d1e729d38280c11801b7615e7f16f34f03b1,390,growth,stripe $10
2026-04-27T10:45:15,OUT,MENTE,661.636870,0.01513412,day-market,10.0133,≈ $10,0x02cCc8BeC02b19cF9D9f87852354b09cdF88BddF,0x00db10957d4569085636411ed4f5e29aaca978dc4815363ce05df7286b019e6d,192,growth,stripe $10
2026-04-27T10:45:15,OUT,MENTE,661.636870,0.01513412,day-market,10.0133,≈ $10,0x7a3aFBD2A0Ee697Cf30100fa475C336aFb0f394D,0x18eb2858aa0244edfdbca6a6426a1a8f50b7c83c0b822307503b68356a5516da,190,growth,stripe $10
2026-04-27T10:45:15,OUT,MENTE,661.636870,0.01513412,day-market,10.0133,≈ $10,0xD8348552DAeC77E405B4F8Bbe0fC2Df63880957C,0x1df6ce71aa189d36824585f436657dc06a209aeb21ed9ed42338e83327a65b54,194,growth,stripe $10
2026-04-27T10:45:15,OUT,MENTE,661.636870,0.01513412,day-market,10.0133,≈ $10,0xFCb5390d6Aedc7862501D280D2F357460b88C9CE,0x32dc4b186075efe9dc6397bd5441151499b556245263a92915f8306f459cf757,332,growth,stripe $10
2026-04-27T10:45:15,OUT,MENTE,661.636870,0.01513412,day-market,10.0133,≈ $10,0x36e2d3ea30228a5959e3b3aDCB02858E70E5AA86,0x3ed738dc69130c0189c8efb9b9bfe0a7712e1f7f64552bb756581613f85c8661,351,growth,stripe $10
2026-04-27T10:45:15,OUT,MENTE,661.636870,0.01513412,day-market,10.0133,≈ $10,0xE02fB5D85d7acC9054B82aB030081d4Cc8fD67Bd,0x4b88d48d8a0e5838fec39f2acd918404e94080121b11826f33d4b0de897b5b3e,231,growth,stripe $10
2026-04-27T10:45:15,OUT,MENTE,661.636870,0.01513412,day-market,10.0133,≈ $10,0x2840fC184337B07F039bCC39B401bdd580D970e7,0x510a7c6601f493b0a2f7139c5e53361d5744929fafd725d90d668eac199503f3,427,growth,stripe $10
2026-04-27T10:45:15,OUT,MENTE,661.636870,0.01513412,day-market,10.0133,≈ $10,0xFCb5390d6Aedc7862501D280D2F357460b88C9CE,0x9f840b8411763196d58ba2209abd52701cf6d6c98401f0903c186668975d993c,350,growth,stripe $10
2026-04-27T10:45:15,OUT,MENTE,661.636870,0.01513412,day-market,10.0133,≈ $10,0xfb02158dD8D52b18c3C8625a03D45344c8d667dd,0xb1c1aa9266c300f406dfe536726f97b61f8d8c9f44b6b095f7b0301b29603774,189,growth,stripe $10
2026-04-27T10:45:15,OUT,MENTE,661.636870,0.01513412,day-market,10.0133,≈ $10,0x1A6a7056Cd878Dc82B42Fc3483044183A0cf0cC8,0xdb35c9baec1ca879b43dc157ed58560e66a5162df6f5320976a9e8284459809d,398,growth,stripe $10
2026-04-27T10:45:25,OUT,MENTE,661.636870,0.01513412,day-market,10.0133,≈ $10,0xb1CDe854f1FEd350BCc1023272E5e454AdF7A550,0x09461b76f0ac8808591191a10cfcecca9575100eefacdbe5d71f64d20b8293f1,101,growth,stripe $10
2026-04-27T10:45:25,OUT,MENTE,661.636870,0.01513412,day-market,10.0133,≈ $10,0x6FDFe1aa2B9c54632f4ce0c75aDb4D70327ffF54,0x0e31b2b763e22110438e8451b91c9949cea963ad629271d30f0530990d363fc0,94,growth,stripe $10
2026-04-27T10:45:25,OUT,MENTE,661.636870,0.01513412,day-market,10.0133,≈ $10,0xC8eaf78f93c64D764968E4BF1Fd5e7F47C3c14Bd,0x125b5ddb3b3d4a68c5f964742623fc871ea8f1468a1f11c8ea53d1599e6fe397,300,growth,stripe $10
2026-04-27T10:45:25,OUT,MENTE,661.636870,0.01513412,day-market,10.0133,≈ $10,0xC8eaf78f93c64D764968E4BF1Fd5e7F47C3c14Bd,0x42af3ada95f55f62d126e68a197dd276ea9e57066997123519a42503d924451b,313,growth,stripe $10
2026-04-27T10:45:25,OUT,MENTE,661.636870,0.01513412,day-market,10.0133,≈ $10,0xC8eaf78f93c64D764968E4BF1Fd5e7F47C3c14Bd,0x5662b484b48f0adb6406891e2bdad1a51c1e1f95c366f054a2ec54667dc840a2,329,growth,stripe $10
2026-04-27T10:45:25,OUT,MENTE,661.636870,0.01513412,day-market,10.0133,≈ $10,0x47824D98f598cba777EE12AEB02dd4b9D2C6175D,0x68c402cc36e22ce5ffc91086e3d8ba85f8e0ec116e8d32c2f5b389ca5bd68035,299,growth,stripe $10
2026-04-27T10:45:25,OUT,MENTE,661.636870,0.01513412,day-market,10.0133,≈ $10,0x6FDFe1aa2B9c54632f4ce0c75aDb4D70327ffF54,0x882177eb46c10070435fb84d221f35df6ad0ce2f7cc680dc59169acae3b35ca2,92,growth,stripe $10
2026-04-27T10:45:25,OUT,MENTE,661.636870,0.01513412,day-market,10.0133,≈ $10,0x7151aFBb8C44462F12aa788ac2D203dD5E5878bF,0xd17b77b760d468a4697c05c31dd403e93b94000115a95eb04c37e215e78fc558,286,growth,stripe $10
2026-04-27T10:45:25,OUT,MENTE,661.636870,0.01513412,day-market,10.0133,≈ $10,0xC8eaf78f93c64D764968E4BF1Fd5e7F47C3c14Bd,0xde467331ec7d8b1bb0676b0f3d37065a6a37c4a5c9f7c2a2cbc6e60d59efe362,314,growth,stripe $10
2026-04-27T10:45:25,OUT,MENTE,661.636870,0.01513412,day-market,10.0133,≈ $10,0x82593Df4f37AA1a5946d0eB921C802058466709A,0xef8057a3a7a5276bbb25aac75916a592491bc2a76d1ef178b6bf3c2a99f591cb,102,growth,stripe $10
2026-04-27T10:45:35,OUT,MENTE,661.636870,0.01513412,day-market,10.0133,≈ $10,0x6281245C3544DD00066053a892170f4dD56a250E,0x1dd6b890a1ccb3c038bc29c54eda598c3a94955ed375ffb57b11a6b9a589110e,133,growth,stripe $10
2026-04-27T10:45:35,OUT,MENTE,661.636870,0.01513412,day-market,10.0133,≈ $10,0xFb3aEA2ba22d44B042fbA247Cf87E3bd576279c1,0x27c1d3f52e8da7e4d42ff436ea82342732154753149a98053e78120626c19d67,187,growth,stripe $10
2026-04-27T10:45:35,OUT,MENTE,661.636870,0.01513412,day-market,10.0133,≈ $10,0xda0DE54dE6980a6a5dDe54D45d992FA8e2460846,0x2b6b289254a5c5a36ea7ba29e971002a5104ba1c6bc8b2035cadf913631c846a,166,growth,stripe $10
2026-04-27T10:45:35,OUT,MENTE,661.636870,0.01513412,day-market,10.0133,≈ $10,0x6281245C3544DD00066053a892170f4dD56a250E,0x3e67859669e190535c64a42f20199c7d829a3cd918fe42b0e2e8ae3a736620bc,150,growth,stripe $10
2026-04-27T10:45:35,OUT,MENTE,661.636870,0.01513412,day-market,10.0133,≈ $10,0x585EDa2665Cc06C9C7a6Ef68BBAB2D7fdc536a23,0x46a8a35c2c0a9a996dfaaf772a339f47996f5ae1480db2a59a3d4433a16a4954,292,growth,stripe $10
2026-04-27T10:45:35,OUT,MENTE,661.636870,0.01513412,day-market,10.0133,≈ $10,0xc8b70537600C05443627a8A7fAF7F97d498a6C84,0x65dfaba2bd65dc81c930ca0a6241dc05ff8a1648e8ba1d553fc5d1959c4791ce,334,growth,stripe $10
2026-04-27T10:45:35,OUT,MENTE,661.636870,0.01513412,day-market,10.0133,≈ $10,0x48123839cF85f2d4210d7Cf88944723dC0D7cFE5,0xb6094249c8e502fe729a62f84e3be53eb1d2c814c5b5418ebe1135a6f7789da0,181,growth,stripe $10
2026-04-27T10:45:35,OUT,MENTE,661.636870,0.01513412,day-market,10.0133,≈ $10,0xc7F02040C39b46C8ACC796ec19e07de031cd40f7,0xc1a3ab89721471838ae7f6bcccbb0fe5e43aeb0112dff81969804e9086a76d18,293,growth,stripe $10
2026-04-27T10:45:35,OUT,MENTE,661.636870,0.01513412,day-market,10.0133,≈ $10,0xf43111cb4D5962347557d1D49A0E60b0c0e920D5,0xc61e1fbe0782dd288fc630cd30ab0d216abc5ffe8a5ce9ca03a38faf19848583,264,growth,stripe $10
2026-04-27T10:45:35,OUT,MENTE,661.636870,0.01513412,day-market,10.0133,≈ $10,0x68359B784d9954d530c62b7a231273F7D818C793,0xebceddd8d6cdd431b0d1f37ae5d3e36b7e6562e7df03f27549895e36391b5029,333,growth,stripe $10
2026-04-27T10:45:45,OUT,MENTE,661.636870,0.01513412,day-market,10.0133,≈ $10,0xA5D459266DE7E171CC5B8Eb6742280460f31dF49,0x4182bcbb29f4b2afb435db1727e54c82c0c1c4df0e9a352b7370b14f954923cb,172,growth,stripe $10
2026-04-27T10:45:45,OUT,MENTE,661.636870,0.01513412,day-market,10.0133,≈ $10,0x63Ac71e14556f6aa5F7480cB4dcd2df5118eC952,0x539c46a3b3ee3170e8796512d16b2fdbd6c4d33844814b9590d5c4eddc2605b1,238,growth,stripe $10
2026-04-27T10:45:45,OUT,MENTE,661.636870,0.01513412,day-market,10.0133,≈ $10,0x5022bF416A5067988730f619B4C52885f38b755B,0x557655ca30fbc9d3d6ffef301dcc2f9490a402562f9c55a0445d0eb247c76926,223,growth,stripe $10
2026-04-27T10:45:45,OUT,MENTE,661.636870,0.01513412,day-market,10.0133,≈ $10,0xFD619E488F248007B10ba85BeECBAF53e6F6f0B3,0x6ae5748c115246eed7a7f5822f748161efefce76438264c07cafa80e9ac124f5,296,growth,stripe $10
2026-04-27T10:45:45,OUT,MENTE,661.636870,0.01513412,day-market,10.0133,≈ $10,0x8b3b4D406bBCc9EEBFF19B70d64e17F034eF0233,0x6cd94fe5608108370e8ceded7cdb10c078212241a525fe207a45204b32f992fd,257,growth,stripe $10
2026-04-27T10:45:45,OUT,MENTE,661.636870,0.01513412,day-market,10.0133,≈ $10,0xa2452C768462635DbAB431c271D6A317c4A05a97,0x7152e06fa2f0d56b12de949ace647a4520073a5b5ff0302154474e7cf7cf5ded,192,growth,stripe $10
2026-04-27T10:45:45,OUT,MENTE,661.636870,0.01513412,day-market,10.0133,≈ $10,0x1B65e770c79067E5CF8b7D5582266c251BCd5C8F,0xc010f0feabdde4afca043cb2249c22b35352865e6721d9df5546b4360924dba6,239,growth,stripe $10
2026-04-27T10:45:45,OUT,MENTE,661.636870,0.01513412,day-market,10.0133,≈ $10,0x9d96cCba842C73c05D82Ef3259215c4CF2ce1794,0xc052f03afa3f6a889dd4258741eb3a5ac1bf9d88f50a8574cd4680e1951cb00b,258,growth,stripe $10
2026-04-27T10:45:45,OUT,MENTE,661.636870,0.01513412,day-market,10.0133,≈ $10,0xfdF9dfFBfe57aC535D8a1283C90F8eD49298cbE5,0xeb37b5fdfd30365550b8752948447db4046992586755ff2a392b972c29d175c3,170,growth,stripe $10
2026-04-27T10:45:45,OUT,MENTE,661.636870,0.01513412,day-market,10.0133,≈ $10,0x9Fd354cd449fE931c40E64AC9AC7D9B479EfbBa9,0xebd561aeead22b9ed758ee199534dd01cf2a26107c7c8c3505534c582e246a7d,182,growth,stripe $10
2026-04-27T10:45:55,OUT,MENTE,661.636870,0.01513412,day-market,10.0133,≈ $10,0x9A52bC5231fdA7C4B28d06338243a98BFa7E0404,0x1ba57921bb28f2c3349120e5fbb2490eaf76eca6ba045f409d753044c00f245e,29,growth,stripe $10
2026-04-27T10:45:55,OUT,MENTE,661.636870,0.01513412,day-market,10.0133,≈ $10,0xD54c02b2a6BBf19b7e9e34a4E28c8892BB0D6741,0x300bf1190d2544ee64590a81cfc2d2518f56e4495561626a9afc9d3eb2a3c508,94,growth,stripe $10
2026-04-27T10:45:55,OUT,MENTE,65.502050,0.01513412,day-market,0.9913,≈ $1,0x4e6971F13754C6A70f89D499B4953A2e14e81f6E,0x34ef30712cc911ecb38fa1863a189f974b277cb21836bf7f19095f0413d5fd5a,372,equip,equip
2026-04-27T10:45:55,OUT,MENTE,661.636870,0.01513412,day-market,10.0133,≈ $10,0x63B9427e803F914E09dE0BC5f48Ae9ebD2214CAd,0x56b0229832fed940cfc49c384df504b0b2890fae8746f10a819000f4f9b590da,80,growth,stripe $10
2026-04-27T10:45:55,OUT,MENTE,661.636870,0.01513412,day-market,10.0133,≈ $10,0x96a2E8ACD890168F712fcCBffB9338cd3741e9d2,0x5e1a0397b0d2afa1f2e4e77dd00f3b7c40de829a9de93e90c8a71e1c851a9931,371,growth,stripe $10
2026-04-27T10:45:55,OUT,MENTE,661.636870,0.01513412,day-market,10.0133,≈ $10,0xA93fA9735EF18b172483699a10DF9e63032d0F3E,0x608a0b0ffac44dc56885db5a290855aa26cd07c9f8bde0241858cdf53bf1a7fb,66,growth,stripe $10
2026-04-27T10:45:55,OUT,MENTE,661.636870,0.01513412,day-market,10.0133,≈ $10,0xfD3d3334a2715A5D56da7F25a974b6d10FF564ef,0x95f704301aadb7777bcd58379348db86edd87f1ca4fb550074f11ea30151d5c1,59,growth,stripe $10
2026-04-27T10:45:55,OUT,MENTE,661.636870,0.01513412,day-market,10.0133,≈ $10,0x6B57FE50a7a8742f2F1F4B43D33b734cEcE2a057,0x9dd14002484e106f6371d3c43bd1cd2185a93c2e909500e7ad247e88dfc5c21a,336,growth,stripe $10
2026-04-27T10:46:05,OUT,MENTE,65.502050,0.01513412,day-market,0.9913,≈ $1,0xDa9d9Ec3f3955fC346a24BEda9B7C3eea90Fe5F1,0x3d9a6726bc331a91e2a7ca34852a749649413a63d943927b0ed9add029978841,271,equip,equip
2026-04-27T10:59:25,OUT,MENTE,1323.273740,0.01513412,day-market,20.0266,≈ $20,0x54B49F71147656e1a87BBFD3E7B573714b47aEf8,0xb457211ec394309dfa4f3861b49f61e11fde9c9436c520858e976c8192f7aa42,271,growth,stripe $20
2026-04-27T11:21:55,OUT,MENTE,330.818435,0.01513412,day-market,5.0066,≈ $5,0x61fB9E18745D0d11BC22B904Dcad5Ae7e1FA3b52,0x4fe67dd6a8303c51decd04d8bc4da6f2f6b6705aa4d59fb844e36bb3ed497339,508,growth,referral $5
2026-04-27T13:30:13,OUT,MENTE,65.502050,0.01513412,day-market,0.9913,≈ $1,0x0556E27A1315F58F1feb678e87Ea29A9b9B4938C,0x250b0a8ad77fd0fea7885fce7fe3a90b5efb3c8df1e0b5d75e98bfeb4449afc0,435,equip,equip
2026-04-27T16:24:51,OUT,MENTE,65.549026,0.01513412,day-market,0.9920,≈ $1,0x9c628B29b997360E349bf966D7B6f976c5F8542c,0xb612f6b5c74458018379d86dc3d906ebbe872e7a09b69826b5456a6d08c589be,479,equip,equip
2026-04-27T16:34:33,OUT,MENTE,65.549026,0.01513412,day-market,0.9920,≈ $1,0x31e4b84EB0aF34d74369711f3055556A0454adf9,0x13fac54d30fc966b3a4e6a00514722d9c07c647ea50fd2ca37a4b456ea2c5c27,129,equip,equip
2026-04-27T16:34:33,OUT,MENTE,65.549026,0.01513412,day-market,0.9920,≈ $1,0x986597787D5fAAfDe21dd56808C48064b3171b04,0xfd925c142b386a99715c3fe1fe48e91ade539cfdcdad606a751b15f390d59470,128,equip,equip
2026-04-27T18:20:55,IN,MENTE,70000.000000,0.01513412,day-market,1059.3884,,0xd85096fAeC1aC03075667B4C1a1661F5623Bf111,0xfce929bf1d4e78724423d85ce58c46d2c700122aaea9f489f7bac88a9cdb835d,361,,
2026-04-27T18:28:47,OUT,MENTE,1324.222749,0.01513412,day-market,20.0409,≈ $20,0x29AF30eCA5Ed9a3Ed10a33A02E703cA4Fc1654fC,0x33ed942118ff51a40cf14b10bd8533eca1265e465e14866a1a18f88e513c7750,218,growth,stripe $20
2026-04-27T18:57:37,OUT,MENTE,1324.222749,0.01513412,day-market,20.0409,≈ $20,0x753283F38F113987Eb8E8652cD5548B777369Cf5,0x0170b03f76b1eb6ec97e5ec8c2c4df189ca881b4019592756883c1cb109e7192,149,growth,stripe $20
2026-04-27T19:12:47,OUT,MENTE,661.636870,0.01513412,day-market,10.0133,≈ $10,0xDbC882555AD7bD2A498310cECAf4803637899725,0x28bad66d76cb55944d3163a2163a4be30d5a510f4ba4ee3842e223e1d63056e8,380,growth,stripe $10
2026-04-27T19:12:47,OUT,MENTE,1324.222749,0.01513412,day-market,20.0409,≈ $20,0xeBA6A30d395A9318f84DD121208cF6a339506f67,0x89efc2707496a185c83f72b20d951bfb4d2a53bab369c4b1be2ad468593c39c7,419,growth,stripe $20
2026-04-27T19:12:47,OUT,MENTE,661.636870,0.01513412,day-market,10.0133,≈ $10,0x3C444893Ebeb10D102C053EA0d2f872b37e50D78,0x91a3444c61effb545bed969b0a321175fbde21a3faedec2c9258e0caa20f6263,381,growth,stripe $10
2026-04-27T19:12:47,OUT,MENTE,1323.273740,0.01513412,day-market,20.0266,≈ $20,0x2e35Bb8EF695382ab4089D25006876cD91a71039,0xef135acae0225c366beb167f50735a122f54e70d304d726989bfc60629542c71,344,growth,stripe $20
2026-04-27T19:12:47,OUT,MENTE,331.055687,0.01513412,day-market,5.0102,≈ $5,0xC9Ff1C8133AbfdAF59dF68506AAa4FB7C174D673,0xf77f76a43a762a1d3fb3c9ccb6b8b7ae6eb47ab0255454cfb6091b1f406685c3,420,growth,referral $5
2026-04-27T19:23:57,OUT,MENTE,65.549026,0.01513412,day-market,0.9920,≈ $1,0x2bE3FE88E828b0FAc2Df317da9b5Bc5d50655359,0x3623c3d1fc7481c92fc7243864dc5a1bf02657793a6c25fd49ae91c26b640ced,469,equip,equip
2026-04-27T19:23:57,OUT,MENTE,65.549026,0.01513412,day-market,0.9920,≈ $1,0x15c9BeA727CDE333D25975a7da5F45b719e931cC,0xc4133c89f2729ac910bbf37e1c3ec595a9159a5a1dc73dc7c970e8154c29807d,169,equip,equip
2026-04-27T19:56:47,OUT,MENTE,662.111374,0.01513412,day-market,10.0205,≈ $10,0x24Ed36085e33151AfA50874793Ef54E4973a9aDE,0x1fbf0bcb233cd0208ceb49e73b8d03408a18e1b24e57bbfc5f2eec57c154afa4,326,growth,stripe $10
2026-04-27T20:42:07,OUT,MENTE,65.552978,0.01513412,day-market,0.9921,≈ $1,0x7afD44D06e16B2dA543270A4617852106705d123,0x42dbdbb0423e6a16492d2d2a88350c867623c98a3ddffa356ac30050c1db5f66,1076,equip,equip
2026-04-27T20:42:07,OUT,MENTE,65.552978,0.01513412,day-market,0.9921,≈ $1,0xa37b10C5934146dfE95e2D376eCA86FaeDa44295,0x5317d5357f570697c85985e05445bcf331d692fff94afb5c1b0e2c0e9b77744c,1113,equip,equip
2026-04-27T20:48:27,OUT,MENTE,65.552978,0.01513412,day-market,0.9921,≈ $1,0xe7E351CFedA6AbD0b94b15bded94F3198dc62a93,0x13c241d9df52524a4d170eae89bea4dd3a857057d2ed08f7d99082e8c6a74345,372,equip,equip
2026-04-27T20:51:37,OUT,MENTE,65.552978,0.01513412,day-market,0.9921,≈ $1,0x0911987AAC0ca6F5791B8F1eB838E19FB6B428AA,0x76db316cc5b02fbc1a6dee48e7520fc684eaa48e3eba0bafdc8b0d3e323b49f4,406,equip,equip
2026-04-27T20:51:37,OUT,MENTE,65.552978,0.01513412,day-market,0.9921,≈ $1,0x54E4c66c914390ffEEa817FCDa7038E2F98eA923,0xe7940d8aabd6e3cf53b747a38b483f1e612737cc3797b2404f02c6476ed66e0c,418,equip,equip
2026-04-27T21:57:29,OUT,MENTE,65.552978,0.01513412,day-market,0.9921,≈ $1,0xB692ab8eA7bE901D32124D772eF6a159654ba41B,0x06b79ab40aba8406a233907f5c53579e59ced15d6a70d18d4e6662fd4270e75d,374,equip,equip
2026-04-27T21:57:29,OUT,MENTE,65.552978,0.01513412,day-market,0.9921,≈ $1,0xB9b3882Ca094CCA26A52415cd75cefFcDC7ad080,0x2c1eff5dd0b6f2e641a92fc4bec7eaaf5efdfc21e18ddd6b0f52ba4badfe87ec,335,equip,equip
2026-04-28T02:04:11,OUT,MENTE,331.075646,0.01521440,day-market,5.0371,≈ $5,0xE8988B7295b786a13554430A2B7Ec13c72dC1435,0x1ba6dc32ef2179b3754c3460b5c281bf28f8920eef298e5eb0ed4c8289729046,122,growth,referral $5
2026-04-28T02:05:01,OUT,MENTE,331.075646,0.01521440,day-market,5.0371,≈ $5,0x2F1d791AdF58E706ecB30d1CA0193F3723C73656,0xdbfc7a0dc9fbe3a89438ce408fee69262111157be531fd1f3c0993ae8ee087bb,84,growth,referral $5
2026-04-28T02:11:21,OUT,MENTE,331.075646,0.01521440,day-market,5.0371,≈ $5,0xa22c8C0dAF1cc0731D850B8666A07f509De995D2,0x0031b6f61cebb002419504462abe9b56b5ee9875551892fe5910c8fa7dd796ce,207,growth,referral $5
2026-04-28T02:14:21,OUT,MENTE,1324.302583,0.01521440,day-market,20.1485,≈ $20,0x06F72F8CF39B9d7881Ba848A4Ce9d4897f991eDC,0x32a60d2b29fa7fad41a2d34c28293c54fca08486b70c96e065c0768c391e32ed,363,growth,stripe $20
2026-04-28T02:35:41,OUT,MENTE,1324.302583,0.01521440,day-market,20.1485,≈ $20,0xC673C4186e6D500C001da736E04E2D43a0D96fD8,0x14fb87c0794e3599a30fa1ebc05469f542d59f70f2625f0ca6abfe5d377f49cf,490,growth,stripe $20
2026-04-28T03:17:11,OUT,MENTE,65.552978,0.01521440,day-market,0.9973,≈ $1,0xC9CF2dE18d21FEB99c3523159AfEc67d5Cb65c5f,0xfe9e62096c11785c3fd36497756f012b2c60756b952a1fd1ee1c93c6aab59c2c,221,equip,equip
2026-04-28T03:59:41,OUT,MENTE,65.552978,0.01521440,day-market,0.9973,≈ $1,0x31e4b84EB0aF34d74369711f3055556A0454adf9,0x2a4d21618aa3e39ad6d9a978d1afb453f65484677aa324c30ab24731dee9e3b3,291,equip,equip
2026-04-28T03:59:41,OUT,MENTE,65.552978,0.01521440,day-market,0.9973,≈ $1,0x3156799C49a8bCB939d6A1dB1cA3d402935E1949,0x93923995439b3f3a8995cf30f3122cf41aad05d070c86ae8c159377f84f5ed09,355,equip,equip
2026-04-28T03:59:41,OUT,MENTE,65.552978,0.01521440,day-market,0.9973,≈ $1,0xDa9d9Ec3f3955fC346a24BEda9B7C3eea90Fe5F1,0xde13ba8d84d066962ae33e3decb810b98106fff9f9afe86891bbb85d30cf690d,287,equip,equip
2026-04-28T06:05:43,OUT,MENTE,331.075646,0.01521440,day-market,5.0371,≈ $5,0x9da94185bf0D5B324A8eCEf433321E7bFA73c686,0xaac91f2c124c105c8f0a2d8bd1209a47357385892652ec053c0e60a9b9ec1669,193,growth,referral $5
2026-04-28T06:10:03,OUT,MENTE,331.075646,0.01521440,day-market,5.0371,≈ $5,0x606117Ef8cdB24DA873aF92A7DeF95192d539AE1,0xa6a7e00ab814e556a73110bec2b687085d6fed6d4b46cfc9a92cf0b8a33af88d,202,growth,referral $5
2026-04-28T06:10:33,OUT,MENTE,1324.302583,0.01521440,day-market,20.1485,≈ $20,0xad3009f0EFf39979f154491eCe72177a9775B4DA,0x49f5b73082cb3909d53a9fb64d8df0164b00f80f2f96f7c4cc5ba145eed5a2dd,184,growth,stripe $20
2026-04-28T06:13:23,OUT,MENTE,1324.302583,0.01521440,day-market,20.1485,≈ $20,0xaDd96444fF8F71Da0c2A05862B5240B4ff385332,0x811e183e798dcf07347d356751b4b35a8c2bd0e86b6bf9e9a6e3babddc079b64,209,growth,stripe $20
2026-04-28T07:18:33,OUT,MENTE,65.552978,0.01521440,day-market,0.9973,≈ $1,0x17aCdD75AbA34666D3a6fd8323DcEbB3bC81E842,0xb704d4e6a53e44a8f86cd63746278fbcd10744c1b60075bb276764c56068843e,574,equip,equip
2026-04-28T09:15:25,OUT,MENTE,1986.453875,0.01521440,day-market,30.2227,other size,0xfcB73Ee095038807D08489eD2d3d3A706c0DF824,0xefd42912c81cda5dc383dbe64c20a0a0e8477ee54f6cb0b3d7e97674bb876541,366,nonstandard,nonstandard (large)
2026-04-28T10:24:57,OUT,MENTE,65.552978,0.01521440,day-market,0.9973,≈ $1,0xe7E351CFedA6AbD0b94b15bded94F3198dc62a93,0x73d378d13bd2f85b55d454ad25467cc65cbb3e36ccbc17730b7b3e6461ea3d97,283,equip,equip
2026-04-28T10:24:57,OUT,MENTE,65.552978,0.01521440,day-market,0.9973,≈ $1,0xa37b10C5934146dfE95e2D376eCA86FaeDa44295,0xc43998eef9f39b7ef7921662cbdf8ed4451e62f4fd44abb8d541e604c66562ac,229,equip,equip
2026-04-28T10:53:05,OUT,MENTE,331.075646,0.01521440,day-market,5.0371,≈ $5,0x259D0FC764cDf39101ff950ba8Ff05797284354f,0x17025c224b1254dce8728103ae845adbfbcc1168f93b372f4ec67e652d4b1d1e,704,growth,referral $5
2026-04-28T11:58:47,OUT,MENTE,1324.302583,0.01521440,day-market,20.1485,≈ $20,0x95602Df4d4EB3adb43d8fe9Dba8Aa9BB1fA2dc71,0xea054a6ad897bd9e537d1b6de5252e5cf136c3d2167decb3ee869a5468146841,161,growth,stripe $20
2026-04-28T12:09:47,OUT,MENTE,331.075646,0.01521440,day-market,5.0371,≈ $5,0x05E2151c51b8E81C07092645Ef14f4bDc61DfB8D,0x3e065e9c56b6ba045c86d5c9ef7a27d6fc16f320a72df32004475834ca1456cb,217,growth,referral $5
2026-04-28T12:12:07,OUT,MENTE,331.075646,0.01521440,day-market,5.0371,≈ $5,0x2984CF5A5F98a885Cb21B53981eE0f14242C1EEd,0x6349ed0c891648297b7b4f284c980bd88e69e2972514378893af02ca1172aa86,74,growth,referral $5
2026-04-28T12:12:07,OUT,MENTE,331.075646,0.01521440,day-market,5.0371,≈ $5,0x570f2DDadDEFBE5dC0E7979633C5EDEaC2C9CFe3,0xca11fefd517ffc5de90cb1493883d3ab44e377f8438372647920e67c51bd9d7b,71,growth,referral $5
2026-04-28T12:13:07,OUT,MENTE,331.075646,0.01521440,day-market,5.0371,≈ $5,0xb8eb31F23D36A627B3b10D39982F6ee3a2edb448,0xea2a32d9b18991751cb31f42c0776802a02137cc6769974e926324aca10eaadd,199,growth,referral $5
2026-04-28T12:15:17,OUT,MENTE,65.552978,0.01521440,day-market,0.9973,≈ $1,0xEc4A6Badd07f5C41AD3d1927259d6C481B7c5007,0x3c2db0857e7d1a121d2038dfbf32435d9231ee3a59432ebe438999c76e33e99f,332,equip,equip
2026-04-28T12:42:47,OUT,MENTE,65.560385,0.01521440,day-market,0.9975,≈ $1,0x78f8f65bE72F2Cbf3b10ed47Fd6a289c7974f15c,0xa83630ac4172a4ac4f23103c22ef976e4b266f6adbbc36ea0873ff83ea89fee7,156,equip,equip
2026-04-28T12:46:43,IN,MENTE,133000.000000,0.01521440,day-market,2023.5152,,0x45d0cEAd7c0a2E1a0528C4131A2d95DE9a394839,0xde5e3964453223b6cc7e430183b29638588bb22c2bbcbbce9a2edc7d3ba699bc,487,,
2026-04-28T13:19:27,OUT,MENTE,662.287416,0.01521440,day-market,10.0763,≈ $10,0x260B3511F583D6085542f72e24845539634D352a,0x1511c06cc7f1a916b1ace569ba3616d4ba93fab07109b1d7984b80d46529398f,609,growth,stripe $10
2026-04-28T13:19:27,OUT,MENTE,662.287416,0.01521440,day-market,10.0763,≈ $10,0xB67cf7f8eFd092B9BCe949Ece39584B810d34c45,0x19f043c7e0be43e410f0173305e1adde44d8fe7546742eee6a252478d7dfe934,411,growth,stripe $10
2026-04-28T13:19:27,OUT,MENTE,662.287416,0.01521440,day-market,10.0763,≈ $10,0xB67cf7f8eFd092B9BCe949Ece39584B810d34c45,0x1ccf9b4b36c3642c66af5054be586c301016541f86e1ab1caee92d7a6a2aee84,410,growth,stripe $10
2026-04-28T13:19:27,OUT,MENTE,662.287416,0.01521440,day-market,10.0763,≈ $10,0xA50813f7e31e0B514726a66C500341F5cbba9Ccf,0x1ecb121021e676ce0b3ccbc3cee06ccb1c32366213a66f3fd4bfe6f8fbdc4f27,363,growth,stripe $10
2026-04-28T13:19:27,OUT,MENTE,662.287416,0.01521440,day-market,10.0763,≈ $10,0x47167eE061B3275AE92425f23db7abe4d8bB8a92,0x4de040796e70e909a401c9dc6056909897a91177b6df84082fa7447330971197,703,growth,stripe $10
2026-04-28T13:19:27,OUT,MENTE,662.287416,0.01521440,day-market,10.0763,≈ $10,0x2Be63442B80925049bA31CfdF156fF2CC0d5AdCa,0x6648d11d7d0fb6ad1f8eb3a4f1db69abe93d97ee30fd0c91e5c4f9df54b10cad,702,growth,stripe $10
2026-04-28T13:19:27,OUT,MENTE,662.287416,0.01521440,day-market,10.0763,≈ $10,0x2cCdbF7074dBD70676dD9c3045745B67a871d738,0xaece26c1cb3737c0344d599abd9941e66da8e71fd0580524e34cc5e8710d1f64,701,growth,stripe $10
2026-04-28T13:19:27,OUT,MENTE,662.287416,0.01521440,day-market,10.0763,≈ $10,0xEB00B1826a57C378421d1518aeEeDe7525805cE8,0xc8a40884d022207b48f641b3057299f41b372803ffd40ea918795399c6d1057d,435,growth,stripe $10
2026-04-28T13:19:27,OUT,MENTE,662.287416,0.01521440,day-market,10.0763,≈ $10,0xfff15976c53b13BdBEE1F1705A7FC183D6117f75,0xd3754b13a0aa843b2d295298ec66e5ed7a5f18c83bd0f68e4ae6dfd394d9ec28,361,growth,stripe $10
2026-04-28T13:19:27,OUT,MENTE,662.287416,0.01521440,day-market,10.0763,≈ $10,0xc17881Dd07909A54af524220906d535f3331CBe6,0xf0f808e3ce4d2f7677a45e47f72b86efc28915b9ea32fba538e0b883bee51f7c,436,growth,stripe $10
2026-04-28T13:19:37,OUT,MENTE,662.287416,0.01521440,day-market,10.0763,≈ $10,0xC8eaf78f93c64D764968E4BF1Fd5e7F47C3c14Bd,0x102af461b388f7d1c77ad837cf8987111b28dfe447232d12778b7e6c3d9f5001,396,growth,stripe $10
2026-04-28T13:19:37,OUT,MENTE,662.287416,0.01521440,day-market,10.0763,≈ $10,0x2817300EcE26cE9551a268F8e4042a95F346b49E,0x1e2f904622d93e055742997fe8c71244a35ef8b06248d7b3b5e4d143a551a9f3,320,growth,stripe $10
2026-04-28T13:19:37,OUT,MENTE,662.287416,0.01521440,day-market,10.0763,≈ $10,0xC8eaf78f93c64D764968E4BF1Fd5e7F47C3c14Bd,0x1fe9780895d8b45d43a768b9749435fd09128da47c4bb8009fc83c3523c44ad9,395,growth,stripe $10
2026-04-28T13:19:37,OUT,MENTE,662.287416,0.01521440,day-market,10.0763,≈ $10,0x078fcC9c97C324D03063B023321710c101C1fC18,0x23bd0ca2ed4bc4e2bfc147617161ea5ddc845e526690242fdce7d71b93a9272d,259,growth,stripe $10
2026-04-28T13:19:37,OUT,MENTE,662.287416,0.01521440,day-market,10.0763,≈ $10,0x0032841b0f3c16E1943c5e3c04C134a2d45813D0,0x8bfbc5ee6b7036837b6fbfc2695c0d2ea498b4b2b7abede73855b0350e716f3a,353,growth,stripe $10
2026-04-28T13:19:37,OUT,MENTE,662.287416,0.01521440,day-market,10.0763,≈ $10,0xA784dC9fFeF0C07B0B604bc4E23d179479D53436,0x9163894864947273e325c0a54d0f2bf2a459760ae11669a33d17474c086e4fb8,368,growth,stripe $10
2026-04-28T13:19:37,OUT,MENTE,662.287416,0.01521440,day-market,10.0763,≈ $10,0x0032841b0f3c16E1943c5e3c04C134a2d45813D0,0xab6ce2d0b8c8b9ad02e38a59bf889ac5bc7264da07ec98220c103bf014d551bc,321,growth,stripe $10
2026-04-28T13:19:37,OUT,MENTE,662.287416,0.01521440,day-market,10.0763,≈ $10,0x35DCCf2C35A6149d62A26FFC539f97422d1AdF23,0xab75efa9fbc12f603e57210375a74f0735c6691cdd95fddba1bfcedc41b4bec0,369,growth,stripe $10
2026-04-28T13:19:37,OUT,MENTE,662.287416,0.01521440,day-market,10.0763,≈ $10,0xB3649777f5d257ef99CFF800fA324E0A45Ff60D2,0xcc4f48a5f9955da3da768a3ce44abcdde19dc7c4ea1abd497608625576fcc16c,354,growth,stripe $10
2026-04-28T13:19:37,OUT,MENTE,662.287416,0.01521440,day-market,10.0763,≈ $10,0xbA3E3dB22829E4b901163d9Ba5FBE9E9070D5c09,0xd40081874fb0d8c38a401e7b2719b7547eb7a6c09bf7544510d52001a7d86d4d,248,growth,stripe $10
2026-04-28T13:19:47,OUT,MENTE,662.287416,0.01521440,day-market,10.0763,≈ $10,0x22Dc35027aEb3f175bAa3c7132FF0ee543bd2f89,0x00cbd387087148b23023fd1a838f21fb78a34dcb982f52f595b7513a81a624f6,828,growth,stripe $10
2026-04-28T13:19:47,OUT,MENTE,662.287416,0.01521440,day-market,10.0763,≈ $10,0x401c1d00587d3d9aE4ADcA6F19B024718423d0FC,0x0631fb034db5a6822e196c1fa875ef305e9f44a3f719e81247cb66f86fde2ba7,257,growth,stripe $10
2026-04-28T13:19:47,OUT,MENTE,662.287416,0.01521440,day-market,10.0763,≈ $10,0x6281245C3544DD00066053a892170f4dD56a250E,0x64ebb5960c44f3047f2b7bdaecde891c1f40b13967fa2fa333ecab49145e39ee,211,growth,stripe $10
2026-04-28T13:19:47,OUT,MENTE,662.287416,0.01521440,day-market,10.0763,≈ $10,0xbF3da037c35B59392b29cbc0dad6431BF6d413e6,0xa2dc28346a5497dd4231f16abf0cff0c094df1d890258600053772ff3c5be574,829,growth,stripe $10
2026-04-28T13:19:47,OUT,MENTE,662.287416,0.01521440,day-market,10.0763,≈ $10,0xfc0817e727Bf56f336a0e1Aa5236058e0CA3623B,0xafa15d0c3dca77ba3ea0cf42a1d4d145c606479dc8e80fe1cdd62ad0af302141,208,growth,stripe $10
2026-04-28T13:19:47,OUT,MENTE,662.287416,0.01521440,day-market,10.0763,≈ $10,0xf0ec15eF9c6479870e546D3B187985a73296b891,0xb39735e487c2711ab7e2050e15cce37ef65fcfae4c9cd2caacc7e03a305fb555,258,growth,stripe $10
2026-04-28T13:19:47,OUT,MENTE,662.287416,0.01521440,day-market,10.0763,≈ $10,0x81407970944f5BACC50638BF4f9e02e45540d712,0xb5c4e5d7815b260d8efc766e0ead9209fbaa8510d40c91d8b6eb4ee7cea66d0d,840,growth,stripe $10
2026-04-28T13:19:47,OUT,MENTE,662.287416,0.01521440,day-market,10.0763,≈ $10,0x783eb6055af336E49573E5F02468f139b3b46E06,0xda5daa25f4f19020a13400a9eb3a61fdbfcbccd29e784dec75238eb3892a4aff,299,growth,stripe $10
2026-04-28T13:19:47,OUT,MENTE,662.287416,0.01521440,day-market,10.0763,≈ $10,0x6A3f2F8632B086Afc311d2818061a78870208e34,0xf26d7bdbd3a513956ba7e010e92678115528edd20a563e2d59c387954865b217,827,growth,stripe $10
2026-04-28T13:19:47,OUT,MENTE,662.287416,0.01521440,day-market,10.0763,≈ $10,0xE93ABAECc9f719750789710Bb6C30bfA12a132c9,0xf7d4d599a099a2ba89b1cb4600619099b77ef0bc6462b8230fda235cf5c926aa,841,growth,stripe $10
2026-04-28T13:19:57,OUT,MENTE,662.287416,0.01521440,day-market,10.0763,≈ $10,0x22fa5af3Fdf0C8F0446f364b89f617360F9C6EA8,0x12a16c311ea3bd1ce14964a232d031a5c05c060212ed4a5f6612a7620bf5af50,483,growth,stripe $10
2026-04-28T13:19:57,OUT,MENTE,662.287416,0.01521440,day-market,10.0763,≈ $10,0xD54c02b2a6BBf19b7e9e34a4E28c8892BB0D6741,0x192d6b9afc9f2df333cc28067a0eb84a1e3d331bea1654ae4d15e50d6c071d6f,541,growth,stripe $10
2026-04-28T13:19:57,OUT,MENTE,662.287416,0.01521440,day-market,10.0763,≈ $10,0xB8E9AB7fB83712cEC0CFF72668359f7fE949Ab5D,0x5851841f14e15ee1f56bc6a128c0d4ed145f9c446a8a3ad24de2f027d7b112fd,402,growth,stripe $10
2026-04-28T13:19:57,OUT,MENTE,662.287416,0.01521440,day-market,10.0763,≈ $10,0x1106612c857C5e6C943Bc8EbE0813bBD34E61c03,0x73b2fdebb5697318a35e2950e6707e09a3dac918409562b82607506f4bc045a0,437,growth,stripe $10
2026-04-28T13:19:57,OUT,MENTE,662.287416,0.01521440,day-market,10.0763,≈ $10,0xFc28E357a453Df8D16dE33E453B32538C29d327F,0x7a7184cfe5df583ceefebbb8f21ec6488514225f9f7e39d797ffbc7c0b0ac9e5,291,growth,stripe $10
2026-04-28T13:19:57,OUT,MENTE,662.287416,0.01521440,day-market,10.0763,≈ $10,0x574E18Ea4103C0E0fd4f9e06c62D4f0fdF29bC4D,0x90a48212761659d590e37784983e41098da74dd4d7b27b79d28c464f46f83638,186,growth,stripe $10
2026-04-28T13:19:57,OUT,MENTE,662.287416,0.01521440,day-market,10.0763,≈ $10,0x574E18Ea4103C0E0fd4f9e06c62D4f0fdF29bC4D,0xc8d2eb782a3e77c8b920dc45b0a54e6522db3d608734a2f466dcde1a5b69dbb7,201,growth,stripe $10
2026-04-28T13:19:57,OUT,MENTE,662.287416,0.01521440,day-market,10.0763,≈ $10,0xB8E9AB7fB83712cEC0CFF72668359f7fE949Ab5D,0xd25154faa94ed2f8c436acbc1083801631a0267d1ee8679279d580350eae04d3,401,growth,stripe $10
2026-04-28T13:19:57,OUT,MENTE,662.287416,0.01521440,day-market,10.0763,≈ $10,0x6B57FE50a7a8742f2F1F4B43D33b734cEcE2a057,0xd6cbfd596eb1852223c8e6d80da2bb18aeea2b172243ca8bec8070023c6f7c50,542,growth,stripe $10
2026-04-28T13:19:57,OUT,MENTE,662.287416,0.01521440,day-market,10.0763,≈ $10,0x6C46C4923164437B12185b0Ce76CC018aca8D3B5,0xfa4a09834a245afbbe840a5e0d4eb8470b92286ad0a2a93473bf66b5119a4a79,290,growth,stripe $10
2026-04-28T13:20:07,OUT,MENTE,65.566454,0.01521440,day-market,0.9976,≈ $1,0x78f8f65bE72F2Cbf3b10ed47Fd6a289c7974f15c,0x541f9aa9c85aa8246a2c05e881b4a8a18698e3cf414d3179dbb8b89979bf1b4a,286,equip,equip
2026-04-28T13:20:07,OUT,MENTE,662.287416,0.01521440,day-market,10.0763,≈ $10,0x73C2529F1Fc834Ff2B5ba587B887aBF1B8A63203,0x6b87ffacef0de7635128a89a719504a51a932b92fd1d789a43b3c9246d8b973d,145,growth,stripe $10
2026-04-28T13:20:07,OUT,MENTE,662.287416,0.01521440,day-market,10.0763,≈ $10,0x73C2529F1Fc834Ff2B5ba587B887aBF1B8A63203,0x97fb3c3e252e9e5a9d1187e47001b658cf1945fbf4e99583d51b6c6fa01b81e3,240,growth,stripe $10
2026-04-28T13:20:17,OUT,MENTE,65.566454,0.01521440,day-market,0.9976,≈ $1,0x78f8f65bE72F2Cbf3b10ed47Fd6a289c7974f15c,0x9356e64c8407e69ccc20e44a8bef583f53e593062f8e4b09bfa426337d4278bb,188,equip,equip
2026-04-28T13:20:17,OUT,MENTE,65.566454,0.01521440,day-market,0.9976,≈ $1,0x78f8f65bE72F2Cbf3b10ed47Fd6a289c7974f15c,0xc3b4186709a32378cfa8b6df4e356336981de1253f0121542d0b7370fc02b61f,273,equip,equip
2026-04-28T13:31:37,OUT,MENTE,65.566454,0.01521440,day-market,0.9976,≈ $1,0xD8336e0f36dfBff5123cFd8036bED38e2C4757FB,0xafcc5047e2d86105c33f9f47381c01662c608a547df2eefb93bc8d9732193caf,494,equip,equip
2026-04-28T14:08:37,OUT,MENTE,331.143708,0.01521440,day-market,5.0382,≈ $5,0xD51D88cB71e72f84c257774B2D8403FC6bC56203,0x852a4a321449eb9c70a7c6de58412874c246abecf98f6e5e18baa1128ff13245,479,growth,referral $5
2026-04-28T15:38:59,OUT,MENTE,65.566454,0.01521440,day-market,0.9976,≈ $1,0x78f8f65bE72F2Cbf3b10ed47Fd6a289c7974f15c,0x054d7fd008b288e136f752698ccfda0f49347a4496e47d9d2ab20692b69fcec3,178,equip,equip
2026-04-28T16:03:19,OUT,MENTE,65.566454,0.01521440,day-market,0.9976,≈ $1,0x78f8f65bE72F2Cbf3b10ed47Fd6a289c7974f15c,0x6654f7fdd634f80ee6ff5245995012c9702c213fda81abfb39b4cc67c0e00eac,356,equip,equip
2026-04-28T18:26:11,OUT,MENTE,1324.574833,0.01521440,day-market,20.1526,≈ $20,0x1691680D9B0Cf7Af250D600a983F1Ec427cf0704,0x92a1d06f7b04ded0cd8928247e2c924530938a101a48c024d0e6aded50c10218,548,growth,stripe $20
2026-04-28T19:46:31,OUT,MENTE,65.566454,0.01521440,day-market,0.9976,≈ $1,0x78f8f65bE72F2Cbf3b10ed47Fd6a289c7974f15c,0xd635ed0f1c53ac1fe1b263c7252d1b5eb74bbf94a5b91245b173c2b67cf9dade,563,equip,equip
2026-04-28T23:32:55,OUT,MENTE,65.566454,0.01521440,day-market,0.9976,≈ $1,0x15c9BeA727CDE333D25975a7da5F45b719e931cC,0x23830b3371d5e3ba90f4170e7ca4582d09a677ae5e3771396ecc32090de5c190,116,equip,equip
2026-04-28T23:32:55,OUT,MENTE,65.566454,0.01521440,day-market,0.9976,≈ $1,0x2B8Aa52d397D33f5116279cd69Ff5fD130436709,0xfac202b4ec1053ba6ebc2711a7c93760ffca2873c727da9f75ca3dcf5860421b,115,equip,equip
2026-04-29T00:33:45,OUT,MENTE,463.601191,0.01497264,day-market,6.9413,other size,0x161b07d7A6a1c367C36a0d21d68e461BD8e2dE7A,0xaa39c27092e9313516a2954de8cf1119dbc5ed3e334feba17ad96f3cb1239575,277,nonstandard,nonstandard (large)
2026-04-29T02:46:27,OUT,MENTE,65.566454,0.01497264,day-market,0.9817,≈ $1,0x6E415eB1aFeD87effa5bC8034B88A2C54F78fCB7,0x2dc596aecb5f15dea993799b9f50af391589d83ed51305bd900490e35e0193bf,316,equip,equip
2026-04-29T03:06:17,OUT,MENTE,3311.437081,0.01497264,day-market,49.5810,≈ $50,0x986597787D5fAAfDe21dd56808C48064b3171b04,0x802bffa8d91de14d6d5c7d41a6d1bd53b20f2859226429a326d39fc2ff317d96,480,growth,stripe $50
2026-04-29T03:27:57,OUT,MENTE,993.431124,0.01497264,day-market,14.8743,other size,0x9Da79b9375b55A9427A64fDf47Df03Dedf4e8361,0x77b52649bf32d53cd9b94eba694a9b62f8dbf0780d535c20a38577022dc28083,480,nonstandard,nonstandard (large)
2026-04-29T03:39:27,OUT,MENTE,331.143708,0.01497264,day-market,4.9581,≈ $5,0xCa0013bb84a3F1369217493D29d92bc917293024,0xe463580f9df17b6db65bb924436b1e2276f96d877d87dd917196079d8ac02a61,575,growth,referral $5
2026-04-29T03:50:39,OUT,MENTE,1324.509928,0.01497264,day-market,19.8314,≈ $20,0xbcdf17EFf7f63c48e8B8cBeACc9Bb032d8bD578F,0xcf0c9f313ff5d0df430f27ae3be89cc1c4f3d2858be67ec09c37848ed495c2ae,91,growth,stripe $20
2026-04-29T03:57:49,OUT,MENTE,1324.509928,0.01497264,day-market,19.8314,≈ $20,0xaA5C9bedD0D14a6f8c38F131151f9d7cAE8a7a9A,0x980c089b91622d9cecce6b8cd84d7b8e40136452180310881b88c4a98f3c5cf4,152,growth,stripe $20
2026-04-29T05:03:59,OUT,MENTE,65.526967,0.01497264,day-market,0.9811,≈ $1,0x7afD44D06e16B2dA543270A4617852106705d123,0x7bb73fc78dc8563cb9ff38b5929556e32c9e6bf95bc5fa5635efece00030024b,344,equip,equip
2026-04-29T05:04:01,OUT,MENTE,65.526967,0.01497264,day-market,0.9811,≈ $1,0xe7E351CFedA6AbD0b94b15bded94F3198dc62a93,0x2781c84eb9a76ad58b184411ad6d0949f683baf5b1094c3c5914489ff156963b,131,equip,equip
2026-04-29T05:04:01,OUT,MENTE,65.526967,0.01497264,day-market,0.9811,≈ $1,0xa37b10C5934146dfE95e2D376eCA86FaeDa44295,0x3482745d0fee962c686be1ab91619eb1c6fa922cdbc4caa146c046a83a2e31b1,130,equip,equip
2026-04-29T05:35:01,OUT,MENTE,1323.704352,0.01497264,day-market,19.8193,≈ $20,0x3D3e500827140f968bfF4383f772E165d997deF7,0xa55122cf23be970556b70454c403f697baf96b4f4d8165018a4ed67695f9e68b,264,growth,stripe $20
2026-04-29T05:36:21,OUT,MENTE,65.523365,0.01497264,day-market,0.9811,≈ $1,0xdE21B2c7598B33ad06648a86477B44B58d726878,0xc557021780ee8d8cbac89baf12be4f1825f803372b0a2689dae5723839ef50d8,214,equip,equip
2026-04-29T05:36:21,OUT,MENTE,65.523365,0.01497264,day-market,0.9811,≈ $1,0xdE21B2c7598B33ad06648a86477B44B58d726878,0xd77f8e3873bbab0c4af77d96e40ebce7b762b7c5e8418382736053e1a5dc6747,211,equip,equip
2026-04-29T06:05:01,OUT,MENTE,65.522113,0.01497264,day-market,0.9810,≈ $1,0xdE21B2c7598B33ad06648a86477B44B58d726878,0xe3b182613fece11b1ace3f09f218f31d3fc4360a13d1e9eda5a96b2d7058597d,609,equip,equip
2026-04-29T06:28:41,OUT,MENTE,65.522113,0.01497264,day-market,0.9810,≈ $1,0x6E415eB1aFeD87effa5bC8034B88A2C54F78fCB7,0x01cfd4264c1b280b650e3e09d7f6abb833b64fde171567b11744d5e11bc279f1,242,equip,equip
2026-04-29T06:39:41,OUT,MENTE,65.522113,0.01497264,day-market,0.9810,≈ $1,0x95118C82019cbBd39c17049c5ED7029F05B4427D,0x517331843f5b6d0a905638e559f4947f0599df45729f885ca28221f2897251e7,298,equip,equip
2026-04-29T06:41:01,OUT,MENTE,65.522113,0.01497264,day-market,0.9810,≈ $1,0x6E415eB1aFeD87effa5bC8034B88A2C54F78fCB7,0xfe2f1a77024e7b318c6117141bd0836b84563c7b3ee54d5e812204cf63d3317b,382,equip,equip
2026-04-29T06:57:31,OUT,MENTE,65.522113,0.01497264,day-market,0.9810,≈ $1,0x95118C82019cbBd39c17049c5ED7029F05B4427D,0x073d31f6002355ced59a8eadbf83d83ea18dee3a252132060710c50024ca3331,433,equip,equip
2026-04-29T06:57:31,OUT,MENTE,65.522113,0.01497264,day-market,0.9810,≈ $1,0x95118C82019cbBd39c17049c5ED7029F05B4427D,0x8edb6590657fe0f6830e783be0a345332e06c27d27cc5df0f7a9bdcf85ee7ab6,435,equip,equip
2026-04-29T07:46:53,OUT,MENTE,330.919761,0.01497264,day-market,4.9547,≈ $5,0x91Dc3d53A22d7f960deef029ee66828799b702d6,0x006080fc3e16c65a7d6c4f42c6e2d172eaacfa323d4793c1f9529f73e98e4029,92,growth,referral $5
2026-04-29T07:52:53,OUT,MENTE,65.522113,0.01497264,day-market,0.9810,≈ $1,0x78f8f65bE72F2Cbf3b10ed47Fd6a289c7974f15c,0xc15889dee04c2a96b8e3aea5b86d03c3f50f705b3f7a6d5708e269466f65e840,126,equip,equip
2026-04-29T08:07:53,OUT,MENTE,1323.679045,0.01497264,day-market,19.8190,≈ $20,0xAEFf8edf64358c5c28FCabBd36cf38b5455C41Fc,0x36297e19f1b0ad2be68b2e8f4842706dc105da48999721cdb94bd61bba23a585,194,growth,stripe $20
2026-04-29T08:11:53,OUT,MENTE,1323.679045,0.01497264,day-market,19.8190,≈ $20,0x7DAF6fabFd11502110f822ED3F4ba4b6b923Ed45,0x90f91ed97affab5e8ed68ea01df37b24ee5231a8ea4f76d41f5dbac41c06901b,126,growth,stripe $20
2026-04-29T08:50:33,OUT,MENTE,65.522113,0.01497264,day-market,0.9810,≈ $1,0xDa9d9Ec3f3955fC346a24BEda9B7C3eea90Fe5F1,0xe7992fa240e7a2f8bdebf1a21006d66f14dcc18a754bcb0e681c9423e259fce2,341,equip,equip
2026-04-29T08:56:23,OUT,MENTE,463.287666,0.01497264,day-market,6.9366,other size,0xd19fD4BAF4Bd454f2540F373d67055928cA10B1f,0x09d56627890c70191bdc02b7d9ced61877d18079b5a627898dac624d06527ac8,380,nonstandard,nonstandard (large)
2026-04-29T09:08:13,OUT,MENTE,1323.679045,0.01497264,day-market,19.8190,≈ $20,0xE98f9c48eda1C73CdB52A4Ed967aAb72b62F83F9,0x41124d7ff6a50851349e6ddddb21bbec7a0061ac171a423931686464859e366c,494,growth,stripe $20
2026-04-29T09:16:43,OUT,MENTE,4.085369,0.01497264,day-market,0.0612,other size,0x0D4D23bE18c8f2e4e9A49c45960e673822BAa6c7,0xa0c1da4e10b1ad1d24b9a5eeff30ec4ab2b1342d972d2950463854941ad45af0,301,nonstandard,nonstandard (small)
2026-04-29T09:21:33,OUT,MENTE,65.522113,0.01497264,day-market,0.9810,≈ $1,0x95118C82019cbBd39c17049c5ED7029F05B4427D,0x35d89a3c07bf7c60000ef94d4d7923bddcc9e2f066a3a115028c2e07a3300502,244,equip,equip
2026-04-29T09:25:33,OUT,MENTE,330.919761,0.01497264,day-market,4.9547,≈ $5,0xf6B7B66E592b7986EcAc2FDA7c52d4a071DA018a,0x3f250e0e6c234c27eb806611d42c7c19b77f7097d6359badfb5c56a155fc129d,578,growth,referral $5
2026-04-29T09:26:23,OUT,MENTE,330.919761,0.01497264,day-market,4.9547,≈ $5,0xe00E07cf99A25371ad486A9615696516593aE3e7,0x94f7226430cc478e490e396529250082f96ede9892b07d7523d81334dbc55bfd,282,growth,referral $5
2026-04-29T09:30:03,OUT,MENTE,992.759284,0.01497264,day-market,14.8642,other size,0xE52f1b2d6AC1DF0747BDEb00d9CF9b21Adfebf9A,0x371d13fa672451eea224a20797e8e408503aa3352dfdc9164d2e5d1de852b2f8,384,nonstandard,nonstandard (large)
2026-04-29T09:31:03,OUT,MENTE,65.522113,0.01497264,day-market,0.9810,≈ $1,0x95118C82019cbBd39c17049c5ED7029F05B4427D,0x5ad9e0f9223c7e2906fd4399fa5f06ed5c1fc64cbb66efee856a9ead482438e3,367,equip,equip
2026-04-29T09:31:13,OUT,MENTE,65.522113,0.01497264,day-market,0.9810,≈ $1,0x95118C82019cbBd39c17049c5ED7029F05B4427D,0x715b2efb7886457566a32b7bbf1ca98c2d86b5adfd90ee692dd08441b5be6d40,303,equip,equip
2026-04-29T09:42:23,OUT,MENTE,4.085369,0.01497264,day-market,0.0612,other size,0x0D4D23bE18c8f2e4e9A49c45960e673822BAa6c7,0x23bd306f6a835306ec2adecb5fbef4c05673236e5dfbeeff46c054640c145185,415,nonstandard,nonstandard (small)
2026-04-29T09:51:53,OUT,MENTE,65.522113,0.01497264,day-market,0.9810,≈ $1,0x6E415eB1aFeD87effa5bC8034B88A2C54F78fCB7,0x10700ca167dbaa23641a6759ae143b84cc7146c72591c9c886d66949b862087c,465,equip,equip
2026-04-29T10:14:33,OUT,MENTE,4.085369,0.01497264,day-market,0.0612,other size,0x0D4D23bE18c8f2e4e9A49c45960e673822BAa6c7,0x4157d3db363fc079b73498d41ae9f545f49d48e98105403dba5bc8571be4f079,588,nonstandard,nonstandard (small)
2026-04-29T10:15:23,OUT,MENTE,463.287666,0.01497264,day-market,6.9366,other size,0x63e87Beb6CD44d2eA84C4e74141e9Ee793F3f5D6,0xdd30893710fe8704015e2bf4be2bce1721a9f3b242caef3f7167f73585b5e2e1,177,nonstandard,nonstandard (large)
2026-04-29T10:22:43,OUT,MENTE,330.919761,0.01497264,day-market,4.9547,≈ $5,0xCA94871B8782E752463fd4f3F4D02E852703c28D,0x91f00709a0542991fe91c43a0bdd36ea6d387dd7ad788e850d86d8bddd20afc1,546,growth,referral $5
2026-04-29T10:30:13,OUT,MENTE,4.085369,0.01497264,day-market,0.0612,other size,0x0D4D23bE18c8f2e4e9A49c45960e673822BAa6c7,0x9484c5b88f7e9b18d3275b39de3d650ae132e38250d6373f8d70544a7b928795,562,nonstandard,nonstandard (small)
2026-04-29T10:54:03,OUT,MENTE,330.694676,0.01497264,day-market,4.9514,≈ $5,0x117280808e27F3Fc312dd36DD2Df2AaCe771670f,0x0ae2dd412ae2e33af05faa0c847e1f5f8f5bf076f8990156c7bbad2fcb0bf7c0,753,growth,referral $5
2026-04-29T11:15:55,OUT,MENTE,65.477546,0.01497264,day-market,0.9804,≈ $1,0x0D4D23bE18c8f2e4e9A49c45960e673822BAa6c7,0x3ca2d71775095a338196dd7a65f48a4220f788c54f320c88e1d22f57f6622193,256,equip,equip
2026-04-29T11:18:03,OUT,MENTE,65.477546,0.01497264,day-market,0.9804,≈ $1,0xDa9d9Ec3f3955fC346a24BEda9B7C3eea90Fe5F1,0xae5ac5ba7c5fb9f0b1c3b54ac4d8a1f3179bcb4e2e46e1f52e5e526d67946aeb,670,equip,equip
2026-04-29T11:22:45,OUT,MENTE,1322.778705,0.01497264,day-market,19.8055,≈ $20,0xE5F6EC0a7245E53f2CdF356232574608C2d13C50,0x0ec3842a50c2a521190215301dbe01c2da5457fc50116279683b5dbab5a627b6,125,growth,stripe $20
2026-04-29T11:33:25,OUT,MENTE,1322.778705,0.01497264,day-market,19.8055,≈ $20,0x61584C72E8de3668ACCC4e0278bE0B238BfA6d60,0x583a59b5802afd0f94d7a7f55fdb0deff9050ec37943ddf89e763c9f6c1d50e5,103,growth,stripe $20
2026-04-29T11:41:05,OUT,MENTE,661.389352,0.01497264,day-market,9.9027,≈ $10,0xB67cf7f8eFd092B9BCe949Ece39584B810d34c45,0x0178bcc927df86168a95a9e82faf1c37ec8ca51f76d61496bffa9861987acd0e,321,growth,stripe $10
2026-04-29T11:41:05,OUT,MENTE,661.389352,0.01497264,day-market,9.9027,≈ $10,0xc17881Dd07909A54af524220906d535f3331CBe6,0x0758cf5388341861f9b3d8c4fe142d451d1d404be1cd759cfab8114b4c771ba0,461,growth,stripe $10
2026-04-29T11:41:05,OUT,MENTE,661.389352,0.01497264,day-market,9.9027,≈ $10,0xEB00B1826a57C378421d1518aeEeDe7525805cE8,0x11c148e0dd56e7cbf51ab4ae314cc8bd729695679b775d6fdbb25399b30f8f01,459,growth,stripe $10
2026-04-29T11:41:05,OUT,MENTE,661.389352,0.01497264,day-market,9.9027,≈ $10,0x443D5672e465fC15bC2d2dab8Ef06Bee286A6CdF,0x1a50577661e66ce2ef3ed20192eaa481a9a06c460c0797f27782086003bf1337,334,growth,stripe $10
2026-04-29T11:41:05,OUT,MENTE,661.389352,0.01497264,day-market,9.9027,≈ $10,0xA50813f7e31e0B514726a66C500341F5cbba9Ccf,0x759f527ff12684fa4cf9711bd44d3082e7b931a49e8923c104fbaecda84cfb9c,284,growth,stripe $10
2026-04-29T11:41:05,OUT,MENTE,661.389352,0.01497264,day-market,9.9027,≈ $10,0xA50813f7e31e0B514726a66C500341F5cbba9Ccf,0x87c3793548dcef95fc351e97b8d194ed47f700975e432aa5580730e974e2a791,285,growth,stripe $10
2026-04-29T11:41:05,OUT,MENTE,661.389352,0.01497264,day-market,9.9027,≈ $10,0xc17881Dd07909A54af524220906d535f3331CBe6,0xa956ff7b8aa5e9ddd89eccac7ca0b5a159471e750c847262f1befdf6c5f5017c,462,growth,stripe $10
2026-04-29T11:41:05,OUT,MENTE,661.389352,0.01497264,day-market,9.9027,≈ $10,0x02f5d0E06dB7Bd7a756181Faa02A22C0b7496E52,0xe22d6f9f8a2943e3341b6e0d67f0f65c1d1ceb6139e81219cdbc7fec4aeb6621,257,growth,stripe $10
2026-04-29T11:41:05,OUT,MENTE,661.389352,0.01497264,day-market,9.9027,≈ $10,0x443D5672e465fC15bC2d2dab8Ef06Bee286A6CdF,0xeeb2470cf23dc2a076af0f6e3d71d8963fb47c492401b270e31f56b24a1a0e87,335,growth,stripe $10
2026-04-29T11:41:05,OUT,MENTE,661.389352,0.01497264,day-market,9.9027,≈ $10,0xEB00B1826a57C378421d1518aeEeDe7525805cE8,0xf1e905b29293d8cea37b7451ab0820e1e620ad4812a6a3a36e0c6b60e52ce7f3,460,growth,stripe $10
2026-04-29T11:41:15,OUT,MENTE,661.389352,0.01497264,day-market,9.9027,≈ $10,0x2cCdbF7074dBD70676dD9c3045745B67a871d738,0x251d65cb494293ee9eb7480c12b1ad707335b61af256f266cdecf1f3014c51e7,412,growth,stripe $10
2026-04-29T11:41:15,OUT,MENTE,661.389352,0.01497264,day-market,9.9027,≈ $10,0x7a3aFBD2A0Ee697Cf30100fa475C336aFb0f394D,0x269b827afe83a005e770834b010ec07e6996c3ec9ac1fed9a51af70d47a415b9,286,growth,stripe $10
2026-04-29T11:41:15,OUT,MENTE,661.389352,0.01497264,day-market,9.9027,≈ $10,0x570f2DDadDEFBE5dC0E7979633C5EDEaC2C9CFe3,0x318803f156e9ce42103b241c99adc4336e5a02aa4f47ad77ff9d32506d688801,365,growth,stripe $10
2026-04-29T11:41:15,OUT,MENTE,661.389352,0.01497264,day-market,9.9027,≈ $10,0xed8A240C59a5184A76DA9295ec136a5b127d31Dc,0xa3f5fed3374741e84ea7af1f46bd7d9969912963f598d50d6a23625f156a1836,492,growth,stripe $10
2026-04-29T11:41:15,OUT,MENTE,661.389352,0.01497264,day-market,9.9027,≈ $10,0xfb02158dD8D52b18c3C8625a03D45344c8d667dd,0xada06510ba35ecd6fb8fdb28e80519b32781d838a6fb7c990fbde418b6e5f9d6,257,growth,stripe $10
2026-04-29T11:41:15,OUT,MENTE,661.389352,0.01497264,day-market,9.9027,≈ $10,0x2Be63442B80925049bA31CfdF156fF2CC0d5AdCa,0xafe38e999eac464ce42d655ab487dca1843893ae28789a35be83609722e789df,479,growth,stripe $10
2026-04-29T11:41:15,OUT,MENTE,661.389352,0.01497264,day-market,9.9027,≈ $10,0xBAFddee65F952257201Bb26B30dE8A7aFC880Cc8,0xb19aa003ebf9a20786c7cfa7ab1b049484d8b40fc969490e3dda4a51263e6b1d,366,growth,stripe $10
2026-04-29T11:41:15,OUT,MENTE,661.389352,0.01497264,day-market,9.9027,≈ $10,0x47167eE061B3275AE92425f23db7abe4d8bB8a92,0xbda11780ea76220cc6f97d98c84fb1b96bb4fe1530e1bdc1b85138dcc537ac60,480,growth,stripe $10
2026-04-29T11:41:15,OUT,MENTE,661.389352,0.01497264,day-market,9.9027,≈ $10,0x260B3511F583D6085542f72e24845539634D352a,0xbfb8cd8770873f63a7c91c94b6c436e7d212bb7d5ccbb623986cd0008635ebef,411,growth,stripe $10
2026-04-29T11:41:15,OUT,MENTE,661.389352,0.01497264,day-market,9.9027,≈ $10,0x09329b4B08D6ff27DF440ff29d46EEE645ab386B,0xe05d81660c7764aebda9f5759a88b12cc869b9d1b1d25ca6354bda4a09df0ae0,256,growth,stripe $10
2026-04-29T11:41:25,OUT,MENTE,661.389352,0.01497264,day-market,9.9027,≈ $10,0x8e7C160eabBa768284E5169922d58F05eF999137,0x0885b155b35162aed01082709e23562b7fb5ca206f0480e9a6d7ce90f5ac7f2e,266,growth,stripe $10
2026-04-29T11:41:25,OUT,MENTE,661.389352,0.01497264,day-market,9.9027,≈ $10,0x078fcC9c97C324D03063B023321710c101C1fC18,0x0b0d1d173e9de530c86aea641cea5fd20c0ab6d0347cd4df40eeb8662dbe72fb,466,growth,stripe $10
2026-04-29T11:41:25,OUT,MENTE,661.389352,0.01497264,day-market,9.9027,≈ $10,0x989C186b05f94B18e91a7704fBEB6fc8C02e5267,0x102e2ccbc98d1ca13a13ed7125898be10e0a040bc379727055b8f49491a93d13,315,growth,stripe $10
2026-04-29T11:41:25,OUT,MENTE,661.389352,0.01497264,day-market,9.9027,≈ $10,0xbA3E3dB22829E4b901163d9Ba5FBE9E9070D5c09,0x2f5f53b816355cf3bf7bbcea35ef439d811d84f258b7e9f1b8538d927da6dedd,393,growth,stripe $10
2026-04-29T11:41:25,OUT,MENTE,661.389352,0.01497264,day-market,9.9027,≈ $10,0x51dC7777b9c67a130B3662E59B5a9eb85cc2019f,0x6c604a9317e8894248a8e07c7e860c86df482a5dcf186a3da6ce2f3ef7bd7a41,512,growth,stripe $10
2026-04-29T11:41:25,OUT,MENTE,661.389352,0.01497264,day-market,9.9027,≈ $10,0xdC7C659E2086Df4768b30518d17b5dE012b33668,0x798fe3a4de60f228f8f8c1f4ac3fd7935a3db94414b4eab844b7eaad6f66a6a3,425,growth,stripe $10
2026-04-29T11:41:25,OUT,MENTE,661.389352,0.01497264,day-market,9.9027,≈ $10,0xCB61aFDe547117e8Ced35DcFC4d17986Bf42D622,0x8267b1b2400be47d495122e108575b8321c301c68315257b0a22e6530be7d1a1,426,growth,stripe $10
2026-04-29T11:41:25,OUT,MENTE,661.389352,0.01497264,day-market,9.9027,≈ $10,0xEeBdA431136855c506ea5a70Fb3fE0673626Df90,0xdb2e186fdede03e18de5531ac2ccd507340c427e3c6577326734f772b09e3c5c,511,growth,stripe $10
2026-04-29T11:41:25,OUT,MENTE,661.389352,0.01497264,day-market,9.9027,≈ $10,0xE02fB5D85d7acC9054B82aB030081d4Cc8fD67Bd,0xdc133071bf0703c2a12a3d417b25b7b0b08ff559b2f295668f1e31bb2472939d,465,growth,stripe $10
2026-04-29T11:41:25,OUT,MENTE,661.389352,0.01497264,day-market,9.9027,≈ $10,0x989C186b05f94B18e91a7704fBEB6fc8C02e5267,0xf5547063c2abeb9e792d221238d2f9289bbf2c98d0ed846b7ceadd7a5ef55b10,392,growth,stripe $10
2026-04-29T11:41:35,OUT,MENTE,661.389352,0.01497264,day-market,9.9027,≈ $10,0xA784dC9fFeF0C07B0B604bc4E23d179479D53436,0x229452cfebab77b3479226e329a7e26be5337dbe128f21b39bf10f956bc7f378,217,growth,stripe $10
2026-04-29T11:41:35,OUT,MENTE,661.389352,0.01497264,day-market,9.9027,≈ $10,0x0032841b0f3c16E1943c5e3c04C134a2d45813D0,0x6359738dd099d8dda992d3b9ce31affa2c6dc55a320ec1b96117b5ab6087b59f,135,growth,stripe $10
2026-04-29T11:41:35,OUT,MENTE,661.389352,0.01497264,day-market,9.9027,≈ $10,0x0032841b0f3c16E1943c5e3c04C134a2d45813D0,0x74bf337bbcd06c80d22a48e46ffa636ff8a349748c33dda4d03b066087797e9a,208,growth,stripe $10
2026-04-29T11:41:35,OUT,MENTE,661.389352,0.01497264,day-market,9.9027,≈ $10,0x2840fC184337B07F039bCC39B401bdd580D970e7,0xaaa94ac37ed05cf1b557666edc2bbc71587d7cab1e97feb8b8755527e3a75d0b,132,growth,stripe $10
2026-04-29T11:41:35,OUT,MENTE,661.389352,0.01497264,day-market,9.9027,≈ $10,0xCd169c73D8B415c0B0E14cC18462FC17431da4cD,0xaecd097334193238f1b76dadc435b1bfc480816819be4bbd6f48ec8c756390c8,134,growth,stripe $10
2026-04-29T11:41:35,OUT,MENTE,661.389352,0.01497264,day-market,9.9027,≈ $10,0xC8eaf78f93c64D764968E4BF1Fd5e7F47C3c14Bd,0xb000598204087de05e4ecb7e70a26e83ce4b73c04204b37084288fd68d751bd4,234,growth,stripe $10
2026-04-29T11:41:35,OUT,MENTE,661.389352,0.01497264,day-market,9.9027,≈ $10,0x35DCCf2C35A6149d62A26FFC539f97422d1AdF23,0xbccd7fc1be30414888ea920185b7810c8537546a660570de2810d8edfbea9dd7,218,growth,stripe $10
2026-04-29T11:41:35,OUT,MENTE,661.389352,0.01497264,day-market,9.9027,≈ $10,0x47824D98f598cba777EE12AEB02dd4b9D2C6175D,0xc052f48bf64777e0a0e1b0e0814562c5e32cb246b9f6e63c8769777c8141c2a0,233,growth,stripe $10
2026-04-29T11:41:35,OUT,MENTE,661.389352,0.01497264,day-market,9.9027,≈ $10,0xB3649777f5d257ef99CFF800fA324E0A45Ff60D2,0xe254b0697e1ab69106a296394227f12536862217e1f7e8cf3529415897b0cd94,209,growth,stripe $10
2026-04-29T11:41:35,OUT,MENTE,661.389352,0.01497264,day-market,9.9027,≈ $10,0xC8eaf78f93c64D764968E4BF1Fd5e7F47C3c14Bd,0xf4be73252c76c5520312d4a73c99783e268c811d8f556b97ade24bf8524991e2,252,growth,stripe $10
2026-04-29T11:41:45,OUT,MENTE,661.389352,0.01497264,day-market,9.9027,≈ $10,0x32a228Ac925301f766B8E80286e89697a723b521,0x5fd48bae79fdff8c300ed9be21803cb167c626fc9ef133342cff27cbb595c4f5,327,growth,stripe $10
2026-04-29T11:41:45,OUT,MENTE,661.389352,0.01497264,day-market,9.9027,≈ $10,0xfc0817e727Bf56f336a0e1Aa5236058e0CA3623B,0x60f49a053097dddda48ec9404e26c1382eaa980a07e4b582c53c890ef72a7078,80,growth,stripe $10
2026-04-29T11:41:45,OUT,MENTE,661.389352,0.01497264,day-market,9.9027,≈ $10,0x6281245C3544DD00066053a892170f4dD56a250E,0x835baaa5b24c58525d9b9f4e7794f148e04eed5f6b870b8d61ce0d2c5c1321ee,81,growth,stripe $10
2026-04-29T11:41:45,OUT,MENTE,661.389352,0.01497264,day-market,9.9027,≈ $10,0x18Ee5369D032c79D8159F0B761Ed2b2E3DaaA673,0x8ce5c2a6410de0104eb1b3ad215ba5567e3cd069716f7a9d16fb0dddf5fd11ba,326,growth,stripe $10
2026-04-29T11:41:45,OUT,MENTE,661.389352,0.01497264,day-market,9.9027,≈ $10,0xBc17D29f135C4956D5f6DfBFd32fdC2A816dE855,0xa7652ab43308bebd41042c495e3a7f755520385cdf7787ae8c8b67c5eedbc775,128,growth,stripe $10
2026-04-29T11:41:45,OUT,MENTE,661.389352,0.01497264,day-market,9.9027,≈ $10,0x499eE65151180F760837c1657EE1f28b045DdF91,0xb30ab9a325ad7329c12a75e008ab040efeebda8b8ab102a800be31569ed5131c,139,growth,stripe $10
2026-04-29T11:41:45,OUT,MENTE,661.389352,0.01497264,day-market,9.9027,≈ $10,0x783eb6055af336E49573E5F02468f139b3b46E06,0xb7934e250bfd27e1ee95259d8e074046d8aea133243ee3588a5e73122eb9fc97,140,growth,stripe $10
2026-04-29T11:41:45,OUT,MENTE,661.389352,0.01497264,day-market,9.9027,≈ $10,0x52Cb409f635b356707513F2419eC7b18D603b4c9,0xcbc8af9841e423a6bed5a96154b4f0287bd6f715674f7a8c4c5639e91382af11,185,growth,stripe $10
2026-04-29T11:41:45,OUT,MENTE,661.389352,0.01497264,day-market,9.9027,≈ $10,0x22Dc35027aEb3f175bAa3c7132FF0ee543bd2f89,0xe7f76efcbe4b4fef46c66b206cf4c3ff18a95cb0d5bd6011dca20ec257f9473f,186,growth,stripe $10
2026-04-29T11:41:45,OUT,MENTE,661.389352,0.01497264,day-market,9.9027,≈ $10,0x95118C82019cbBd39c17049c5ED7029F05B4427D,0xedbd2bd4b1d491a500a95a78f65c060989467a35de95e26984e137333cbfea76,79,growth,stripe $10
2026-04-29T11:41:55,OUT,MENTE,661.389352,0.01497264,day-market,9.9027,≈ $10,0xB8E9AB7fB83712cEC0CFF72668359f7fE949Ab5D,0x25b2d41eba63fed5876512a5e966ba7ba43a38a8050eb8f9565e7d5bb869de4c,274,growth,stripe $10
2026-04-29T11:41:55,OUT,MENTE,661.389352,0.01497264,day-market,9.9027,≈ $10,0x2984CF5A5F98a885Cb21B53981eE0f14242C1EEd,0x64608b5529eb52959394e7ea66019e073b51113fe441943ee27b80678be5c7b4,349,growth,stripe $10
2026-04-29T11:41:55,OUT,MENTE,661.389352,0.01497264,day-market,9.9027,≈ $10,0x2984CF5A5F98a885Cb21B53981eE0f14242C1EEd,0x858bf7687f9e86124cf9a939a3d34ca92e25d53b453987c62f45a4d4f0fa36d4,350,growth,stripe $10
2026-04-29T11:41:55,OUT,MENTE,661.389352,0.01497264,day-market,9.9027,≈ $10,0x8Dd247A3bB8910BBc1B5d698976D5Cb67B8481bb,0x9468127b0ae55ea329835c089b0cee65be320383ec6a4b423e4bff85465a7998,192,growth,stripe $10
2026-04-29T11:41:55,OUT,MENTE,661.389352,0.01497264,day-market,9.9027,≈ $10,0xB8E9AB7fB83712cEC0CFF72668359f7fE949Ab5D,0xafe9842576fac7e7cb76e91245417143ed9e0fbb6077624f5f07fbb2bae9a662,348,growth,stripe $10
2026-04-29T11:41:55,OUT,MENTE,661.389352,0.01497264,day-market,9.9027,≈ $10,0x00AbC18Cdc336B91A3470b95F1BFB9079F6AD763,0xc1ecb5d5bf33a1652a1cd800f823b5424bef4aa72045171a009cecacd80e5aa0,196,growth,stripe $10
2026-04-29T11:41:55,OUT,MENTE,661.389352,0.01497264,day-market,9.9027,≈ $10,0x4de419edf2295F0150ef780cC359Be12b98f4D87,0xc2c7fca7af17d3f4538bcd7149d39d103ffff2d4c1272485cbb3ac5c8ab7fc94,237,growth,stripe $10
2026-04-29T11:41:55,OUT,MENTE,661.389352,0.01497264,day-market,9.9027,≈ $10,0xE58A2665C6f63fCD09989bceD5b68A4b3D4Ada4F,0xda09d0e972317fb26d9f7c457d25aef1943238e55e6dc59e0154a6648c6603a1,198,growth,stripe $10
2026-04-29T11:41:55,OUT,MENTE,661.389352,0.01497264,day-market,9.9027,≈ $10,0xa2452C768462635DbAB431c271D6A317c4A05a97,0xf42c0665d59d1fc6be92b6dc81593eab7164305706f6168041325b220b41ef92,195,growth,stripe $10
2026-04-29T11:41:55,OUT,MENTE,661.389352,0.01497264,day-market,9.9027,≈ $10,0xCA94871B8782E752463fd4f3F4D02E852703c28D,0xf4dc8cc4b11f40ff88fcc8a44abb9a1f7a630cca64ece0da4513188aff339296,273,growth,stripe $10
2026-04-29T11:42:05,OUT,MENTE,661.389352,0.01497264,day-market,9.9027,≈ $10,0x2984CF5A5F98a885Cb21B53981eE0f14242C1EEd,0x2a0e3375794487ff3d8cab12cc5fee255549a16c1b4b274e60895b9431f49a1b,163,growth,stripe $10
2026-04-29T11:42:05,OUT,MENTE,661.389352,0.01497264,day-market,9.9027,≈ $10,0x22fa5af3Fdf0C8F0446f364b89f617360F9C6EA8,0x2d61a584d2dac9fcf8973606137cea1c41d3dc56e2676c14870aa546b41b457b,582,growth,stripe $10
2026-04-29T11:42:05,OUT,MENTE,661.389352,0.01497264,day-market,9.9027,≈ $10,0x1106612c857C5e6C943Bc8EbE0813bBD34E61c03,0x7786a7ab5d30a9f3a9b1de73bdfeab1bd29ddd0464f063c5b29ce2732788be74,573,growth,stripe $10
2026-04-29T11:42:05,OUT,MENTE,661.389352,0.01497264,day-market,9.9027,≈ $10,0xbcdf17EFf7f63c48e8B8cBeACc9Bb032d8bD578F,0x87f3d8cdf0b958842261b5e588039bb86fd06ad429775a8a03d02d52921ecc3e,502,growth,stripe $10
2026-04-29T11:42:05,OUT,MENTE,661.389352,0.01497264,day-market,9.9027,≈ $10,0xD54c02b2a6BBf19b7e9e34a4E28c8892BB0D6741,0x9e6012a2a2bed8022e6aeb16deef2403c6903f4f9faa6c07cc72ad7385de04a4,639,growth,stripe $10
2026-04-29T11:42:05,OUT,MENTE,661.389352,0.01497264,day-market,9.9027,≈ $10,0x2A15D1046C959E0374aFa7f644a21007B7Dfc557,0xafc879fd2d6ba958bbdc4f35832c5aa25a35d7dfeeb45f2afc2468e479409f24,353,growth,stripe $10
2026-04-29T11:42:05,OUT,MENTE,661.389352,0.01497264,day-market,9.9027,≈ $10,0xfF40acc57625EA7E6899C925fC1F85743356A083,0xf1b71f08057ebe31787d145963b510f9a00a61912f74490581b65474049bd266,470,growth,stripe $10
2026-04-29T11:42:05,OUT,MENTE,661.389352,0.01497264,day-market,9.9027,≈ $10,0x6B57FE50a7a8742f2F1F4B43D33b734cEcE2a057,0xfc5d5a86dadd70d6d70e664e73abfcf90cd000143ddae27663775341a04cb699,640,growth,stripe $10
2026-04-29T11:42:07,OUT,MENTE,661.389352,0.01497264,day-market,9.9027,≈ $10,0xF846d6127Ac7b31D74Eb0EBE6af68Dd30ed05848,0xb512e1a3e43880ae21861768c9b9fdd027b83d98d7f6971869fa58b9c4b1bdac,57,growth,stripe $10
2026-04-29T11:42:07,OUT,MENTE,661.389352,0.01497264,day-market,9.9027,≈ $10,0x73C2529F1Fc834Ff2B5ba587B887aBF1B8A63203,0xfd82ba38b4103d5bd2f486a6ad1766cece884e4a10c83a9e5558839abb2b6f53,58,growth,stripe $10
2026-04-29T11:42:15,OUT,MENTE,661.389352,0.01497264,day-market,9.9027,≈ $10,0x73C2529F1Fc834Ff2B5ba587B887aBF1B8A63203,0xfbb2b7bee01de4610c42d766b4e5b739dc7eec2f78d0b3e4f2d6bedbdee5b197,95,growth,stripe $10
2026-04-29T11:43:15,OUT,MENTE,1984.168057,0.01497264,day-market,29.7082,other size,0xb9fb2426AD7805F2E04fD08d3470924BF9bD443E,0x509e709f6a2e1e3d65b7ff24c28d8952232fb152cdc99da3b3c0eef12b4b7052,109,nonstandard,nonstandard (large)
2026-04-29T11:47:55,OUT,MENTE,330.694676,0.01497264,day-market,4.9514,≈ $5,0x3942b5C42135D11535D430BEeD7811d7BB7aB710,0xcfd0555574c3d89d5c61bcc7cc28e3b988681bf9310c9d73943a45e09a4abc88,381,growth,referral $5
2026-04-29T11:48:55,OUT,MENTE,330.694676,0.01497264,day-market,4.9514,≈ $5,0x465A349F76ffc02cbDD5D7c6Ddc5dF5168Bb0660,0x1aac4a99a0f55a70c8ed5f65b75b80452ef42cc3b48537c5039000283f0b226b,114,growth,referral $5
2026-04-29T11:51:25,OUT,MENTE,661.389352,0.01497264,day-market,9.9027,≈ $10,0xe148E70f3cDCB3B57129f5857b144d2219216F59,0x9ee82e7043a992516e9d3b106b1771a14e4dd2579d9bbec60f519a8f8b0beb38,111,growth,stripe $10
2026-04-29T11:52:05,OUT,MENTE,661.389352,0.01497264,day-market,9.9027,≈ $10,0x35DCCf2C35A6149d62A26FFC539f97422d1AdF23,0x20cef0bd21771103d29c671a606092a2b3da5b165d4149d8bec56d9f45ac68ed,219,growth,stripe $10
2026-04-29T11:52:05,OUT,MENTE,661.389352,0.01497264,day-market,9.9027,≈ $10,0xb7115370313113106d81896E3bdcb680dfd616E6,0x27b3333250dd9733260cbad352ee29a38b80de63370eee483760ce442fa7a2e3,175,growth,stripe $10
2026-04-29T11:52:05,OUT,MENTE,661.389352,0.01497264,day-market,9.9027,≈ $10,0xc18a3627DdA42369Ffae5D5D24CdE106B1491885,0x6472772ad25fc25087016165a97fb61dc2cae892e6b079638693be0e148d63b6,169,growth,stripe $10
2026-04-29T11:52:05,OUT,MENTE,661.389352,0.01497264,day-market,9.9027,≈ $10,0x8e7C160eabBa768284E5169922d58F05eF999137,0xbcd2f80ecec231f4df895fe9744fcd79ac5a5fa5b336b2dedc506f2688a98a9d,170,growth,stripe $10
2026-04-29T12:06:25,OUT,MENTE,330.694676,0.01497264,day-market,4.9514,≈ $5,0xe6036eA5f7234971C174522ab913abB6D5Fc8436,0x31b59039f48f50bd7d4d8f825f43551381aa400c20949ef87b4616e3c7ceac6c,350,growth,referral $5
2026-04-29T12:07:35,OUT,MENTE,65.477546,0.01497264,day-market,0.9804,≈ $1,0x8d32CfdCAC4064D84A1Db06c19638183e6Dd8BA8,0x088856c73a8109133900a2ed177a44821be1c82b6e6d698fa80fdc4fb3db7d9e,117,equip,equip
2026-04-29T12:07:35,OUT,MENTE,65.477546,0.01497264,day-market,0.9804,≈ $1,0x78f8f65bE72F2Cbf3b10ed47Fd6a289c7974f15c,0xe55f7ae04b70ba57f8eb8ce08e5ed0d9ab0009db7f08e6cdcc2bbd53b60a443d,74,equip,equip
2026-04-29T13:12:45,OUT,MENTE,65.673139,0.01497264,day-market,0.9833,≈ $1,0x70d184AD626bBE12eeDAFe21be2B1d1ec11E899F,0x7b9a81b329faac1ab817e5fdcc507a930ca5f303f92571a1b75703fee6e38165,313,equip,equip
2026-04-29T13:14:25,OUT,MENTE,65.673139,0.01497264,day-market,0.9833,≈ $1,0x70d184AD626bBE12eeDAFe21be2B1d1ec11E899F,0x8ff4e9aadd0eb7bc21945b916d80829786965154d104363b673abce3126b300e,287,equip,equip
2026-04-29T13:14:35,OUT,MENTE,65.673139,0.01497264,day-market,0.9833,≈ $1,0x70d184AD626bBE12eeDAFe21be2B1d1ec11E899F,0xcadde29c43c03612512510f8178ee9a56e8a068f73d2ce8a0ea03315e596273b,409,equip,equip
2026-04-29T13:36:55,OUT,MENTE,1326.730080,0.01497264,day-market,19.8647,≈ $20,0x5Ea4fE96bC6b43324d7A765add76B13B9bd44334,0xc0191435a265e1bf43af389ede1a701c72f6dcc72ff99a9eecbba012d62b2848,585,growth,stripe $20
2026-04-29T14:07:17,OUT,MENTE,331.719535,0.01497264,day-market,4.9667,≈ $5,0x20f2D61bb0B041298de780D976357084a5b134dA,0x88fd0aaec23d686029a44450b7a5ba10f639950679daf92c5fb4542ccc0d8309,183,growth,referral $5
2026-04-29T14:09:55,OUT,MENTE,331.719535,0.01497264,day-market,4.9667,≈ $5,0x89bDe291232F8c3Cc79bB1f2B86634149Fd59683,0xd69464e259d740790393b49e92a4e5d8cf91c0c7d8d601bcd9c24374345ceca4,382,growth,referral $5
2026-04-29T14:12:27,OUT,MENTE,331.719535,0.01497264,day-market,4.9667,≈ $5,0x68eC196c9A9A00cA58bac99CFa87667F605564Ea,0x59ce24f92715fea1afa313a2b9c084a3bafa7680c4db4f270b618cf0c7d034f1,111,growth,referral $5
2026-04-29T14:25:47,OUT,MENTE,65.680468,0.01497264,day-market,0.9834,≈ $1,0x5A04A57411Ef7d06966F350FA4453734e413fbA7,0x5abde3493581f7349c8a518c0e492598b0ed197f67aa46cea275dc135010dc11,132,equip,equip
2026-04-29T14:25:47,OUT,MENTE,65.680468,0.01497264,day-market,0.9834,≈ $1,0xb1a54D01B9b53f8D4Fa2b4DA6CCaFA6716bbCa97,0x628bb48fe9e3a4ce8cf33fca792315213fcbf63902f899705f0060f1db2e5b8f,182,equip,equip
2026-04-29T14:25:47,OUT,MENTE,65.680468,0.01497264,day-market,0.9834,≈ $1,0x31e4b84EB0aF34d74369711f3055556A0454adf9,0xe335bdf998eee0aa771e8abe8fda8fa1e349ee20f665d85f4b5a8a4a5e2fbba1,134,equip,equip
2026-04-29T15:55:27,OUT,MENTE,663.898737,0.01497264,day-market,9.9403,≈ $10,0xf7B474dCFafb755187Cd1B5F9ad334EE8855698c,0x317aeca25381b923c45dc25492a8c273fb4b113d5a79b496c3c12c953e2a35ab,480,growth,stripe $10
2026-04-29T15:55:47,OUT,MENTE,663.898737,0.01497264,day-market,9.9403,≈ $10,0x9e66486c0639243D9d83a2f73Bbd4113f84a015a,0x2cc0033311e3516206e0733d9b7001b247aaf9e97c9f0f3c0717fee1f6773953,379,growth,stripe $10
2026-04-29T15:55:47,OUT,MENTE,663.898737,0.01497264,day-market,9.9403,≈ $10,0xeB211bD77A690489d91e022f6123BD639aA6B5b0,0x8dadd98e8bc3eff9908a8051e81ea4e18f893b8610b061b1bca9eafe7ef782e5,294,growth,stripe $10
2026-04-29T16:04:57,OUT,MENTE,663.939875,0.01497264,day-market,9.9409,≈ $10,0xeB211bD77A690489d91e022f6123BD639aA6B5b0,0x8130eb91ec32f6d3390cf6740a4de79d938077cdd6d75cdb7baa9655a529cbba,823,growth,stripe $10
2026-04-29T16:04:57,OUT,MENTE,663.939875,0.01497264,day-market,9.9409,≈ $10,0x9e66486c0639243D9d83a2f73Bbd4113f84a015a,0xbbc39a256075a0efda0dfb5d7ab129c02ce098e3e3fb306e26460a565b2b458a,824,growth,stripe $10
2026-04-29T16:05:07,OUT,MENTE,1329.818683,0.01497264,day-market,19.9109,≈ $20,0x72B0AbaCEF37E431E5A98312D39388c8eB432ef5,0x468ca8616e5789800a47971a49f6d39fdb5a2772bd2c2c53239118ab1fd88541,328,growth,stripe $20
2026-04-29T16:18:57,OUT,MENTE,65.826025,0.01497264,day-market,0.9856,≈ $1,0x6E415eB1aFeD87effa5bC8034B88A2C54F78fCB7,0x4c916d8774ba9ec893263a0bfdb3c6430700fcfa8e5c2235781ffbee0ac200a9,293,equip,equip
2026-04-29T16:37:57,OUT,MENTE,65.829399,0.01497264,day-market,0.9856,≈ $1,0x0D4D23bE18c8f2e4e9A49c45960e673822BAa6c7,0xff2d78408dd5a1ee894150f62e27cb47d08ad9cf8a076441b43e9184961ea7f4,1158,equip,equip
2026-04-29T16:47:01,OUT,MENTE,65.843375,0.01497264,day-market,0.9858,≈ $1,0x31e4b84EB0aF34d74369711f3055556A0454adf9,0x766dd2e597b333253b6e239267acf193fbfa0e28c7872ee77171e7bd6eee7415,342,equip,equip
2026-04-29T16:47:01,OUT,MENTE,65.843375,0.01497264,day-market,0.9858,≈ $1,0xb1a54D01B9b53f8D4Fa2b4DA6CCaFA6716bbCa97,0xa4abe891ab369305b5673cbb0e297d4e196867d32b7bd927ccdff3cf7378a69a,394,equip,equip
2026-04-29T16:47:01,OUT,MENTE,65.843375,0.01497264,day-market,0.9858,≈ $1,0xDa9d9Ec3f3955fC346a24BEda9B7C3eea90Fe5F1,0xb314f40936e5bd827cf1dc8f17517d985e2cb6ef2ed597097ef2bed0a1d606db,393,equip,equip
2026-04-29T16:47:01,OUT,MENTE,65.843375,0.01497264,day-market,0.9858,≈ $1,0x2bE3FE88E828b0FAc2Df317da9b5Bc5d50655359,0xcbb667374235a959ca388e0ab1498993d92fa1bb03066188cbf848fb261f30b4,438,equip,equip
2026-04-29T16:47:01,OUT,MENTE,65.843375,0.01497264,day-market,0.9858,≈ $1,0x4d0685B7AB1D8235F1A4b7A48a9bdC6cBFE43aA5,0xf704d767906ecab0a3f7e1535f0fa156c4a5be5aac1eadd8c092ea62621732a5,367,equip,equip
2026-04-29T16:47:03,OUT,MENTE,65.843375,0.01497264,day-market,0.9858,≈ $1,0x62010B88fDEBE9b517A932b92446e755f9234A02,0x1b05d379d0e15d8e369f68c5ecbea1242230ce9798e7aeb5c8c48b9a4a3cd988,201,equip,equip
2026-04-29T16:47:03,OUT,MENTE,65.843375,0.01497264,day-market,0.9858,≈ $1,0x103Ba9f5A79Fe0A081e03d569fCe663B18648D25,0x28e10ba1507d2799cbc966d59156bf3f0b890b61e19c1a2003e288227a59354d,203,equip,equip
2026-04-29T16:47:03,OUT,MENTE,65.843375,0.01497264,day-market,0.9858,≈ $1,0x103Ba9f5A79Fe0A081e03d569fCe663B18648D25,0x64ee3d38bfe2271c176733e8e6b553f77ce7c19d6526e0ef921ca3ca00c46287,202,equip,equip
2026-04-29T16:50:03,OUT,MENTE,65.843375,0.01497264,day-market,0.9858,≈ $1,0x78f8f65bE72F2Cbf3b10ed47Fd6a289c7974f15c,0x24da0978d8c90b776886997be454414c22f628fb922bc8cbb672debe117bd076,291,equip,equip
2026-04-29T17:25:33,OUT,MENTE,65.845578,0.01497264,day-market,0.9859,≈ $1,0xdE21B2c7598B33ad06648a86477B44B58d726878,0x0b5627c76bdc44f741469a172365d83959856fd5d2b07a8457632a936bd143bd,372,equip,equip
2026-04-29T17:30:53,OUT,MENTE,65.845578,0.01497264,day-market,0.9859,≈ $1,0x519e5e139610F7e6c954Df775e395BbED76D1aFf,0xa40769e3aa148e22b3f7113ca186aa95cc2ef650f70caeb98db18d8fba577fbb,495,equip,equip
2026-04-29T17:30:53,OUT,MENTE,65.845578,0.01497264,day-market,0.9859,≈ $1,0xfe11C2CD4C0BDD43C621cd57dC9aCAD722fb3EF3,0xb8d0f781643fbd91c0595f304e1797460ed05cf72182e10f6ec414e395046b97,515,equip,equip
2026-04-29T17:30:53,OUT,MENTE,65.845578,0.01497264,day-market,0.9859,≈ $1,0xfe11C2CD4C0BDD43C621cd57dC9aCAD722fb3EF3,0xe4f1a1272602f69046f2c6b7d7daf994aa139fc808bbd7d344f49b3f378baf7e,516,equip,equip
2026-04-29T17:33:53,OUT,MENTE,65.845578,0.01497264,day-market,0.9859,≈ $1,0xfe11C2CD4C0BDD43C621cd57dC9aCAD722fb3EF3,0xb828a2fa37d4db678ade064543414a0ad46f5a9f985ea1d474f09fcd61385910,263,equip,equip
2026-04-29T17:33:53,OUT,MENTE,65.845578,0.01497264,day-market,0.9859,≈ $1,0x51f486bC04dd2AA790f8D1096526A46D6EEE20ea,0xbbee61e30986d54db2d02d3b6957220b57130bb635f0aa76c55aaa8ad00eb03b,321,equip,equip
2026-04-29T17:47:23,OUT,MENTE,1330.246794,0.01497264,day-market,19.9173,≈ $20,0xBE522D5ECa10B39c9E83a347286DA3046B1B5921,0x2555e2bfa2e2974da3de0bd7cb86809bd263f286c4d29fee1edf788afc603193,193,growth,stripe $20
2026-04-29T18:05:23,OUT,MENTE,65.847216,0.01497264,day-market,0.9859,≈ $1,0xa37b10C5934146dfE95e2D376eCA86FaeDa44295,0x83072102c89ea511bec0bb5a31dc87a963a900ecf6e0747d0da286bdc1df1faa,506,equip,equip
2026-04-29T18:05:23,OUT,MENTE,65.847216,0.01497264,day-market,0.9859,≈ $1,0x10Ad7959f04ae0cbdaC43922406Cea9bFa580B02,0xe91b9fd86e758a4e6097e4a846d0a8ccbbc19d8e7199e32f8f87fc28b631d955,505,equip,equip
2026-04-29T19:15:25,OUT,MENTE,665.123397,0.01497264,day-market,9.9587,≈ $10,0x574E18Ea4103C0E0fd4f9e06c62D4f0fdF29bC4D,0x3c068ef593bdb2b627dbbc619e2ac7fa0d54511638e4845bf277046f57f39ab1,128,growth,stripe $10
2026-04-29T19:15:25,OUT,MENTE,665.123397,0.01497264,day-market,9.9587,≈ $10,0x574E18Ea4103C0E0fd4f9e06c62D4f0fdF29bC4D,0xcf341d5438c156a8b282e5c328c0b52a8e1e47962fa0e950204148413ea39738,135,growth,stripe $10
2026-04-29T20:02:05,OUT,MENTE,65.847216,0.01497264,day-market,0.9859,≈ $1,0xF96DB9C56Ff123D47d58E4C59aE58ad3359E1bFc,0x86b0156ea61625bab5a6f20417e2397f53b3cf91d12cab88948c1b245a791a07,170,equip,equip
2026-04-29T20:07:35,OUT,MENTE,65.847216,0.01497264,day-market,0.9859,≈ $1,0x54E4c66c914390ffEEa817FCDa7038E2F98eA923,0x85a40419818b66b5b6d280a55a966c6b9d6c7d75341c473428c90a43be72a756,207,equip,equip
2026-04-29T20:45:35,OUT,MENTE,65.847216,0.01497264,day-market,0.9859,≈ $1,0xfe11C2CD4C0BDD43C621cd57dC9aCAD722fb3EF3,0x187d3da2a71f09326e9e4bf965a00e56f0ba46d9dc9af66f68af5032d2bae84f,289,equip,equip
2026-04-29T21:18:25,OUT,MENTE,1636.486177,0.01497264,day-market,24.5025,≈ $25,0xF9a5f20CE4F4A711071FF07708394F3ff7E1295F,0x14d4b35218e1f8c1e7f6af0ca83f29b5920b56164850986bcd9da1ddd26b7092,217,growth,stripe $25
2026-04-29T21:42:45,OUT,MENTE,332.561690,0.01497264,day-market,4.9793,≈ $5,0x8b7ad66774AbE919F55447b73F0357C734590246,0x6dc3079e98765249d6164d19b5ebc7d31873a45d9d0960d65c703c2e32b37d98,207,growth,referral $5
2026-04-29T22:11:57,OUT,MENTE,65.736738,0.01497264,day-market,0.9843,≈ $1,0xEc4A6Badd07f5C41AD3d1927259d6C481B7c5007,0x2a54897bd33a72cdd1e12d4a7bcccce749a9329cd96d175d1614bd137c0d20bb,237,equip,equip
2026-04-29T22:11:57,OUT,MENTE,65.736738,0.01497264,day-market,0.9843,≈ $1,0xb1a54D01B9b53f8D4Fa2b4DA6CCaFA6716bbCa97,0xc03a34ac9a7be6ae34fcb074b991a556f5ed2a3883637cd9a108dc6e2078189b,236,equip,equip
2026-04-29T22:54:25,OUT,MENTE,65.736738,0.01497264,day-market,0.9843,≈ $1,0xF96DB9C56Ff123D47d58E4C59aE58ad3359E1bFc,0x1fb0585969dea4697007f4015a9420fe4c51db4524621cb32f58e55dea9e5042,404,equip,equip
2026-04-29T22:54:25,OUT,MENTE,65.736738,0.01497264,day-market,0.9843,≈ $1,0x2B8Aa52d397D33f5116279cd69Ff5fD130436709,0xa28c51b1d1257c538239ddbae9d8d646caf42a48e3989bc4f2c3539333251f6f,410,equip,equip
2026-04-29T22:54:27,OUT,MENTE,65.736738,0.01497264,day-market,0.9843,≈ $1,0x15c9BeA727CDE333D25975a7da5F45b719e931cC,0x051e9a474268a4634bd5b5a08d1581a09922bdd553e7cabcb9c04cf40c2b3ff9,97,equip,equip
2026-04-29T23:44:47,OUT,MENTE,65.736738,0.01497264,day-market,0.9843,≈ $1,0x10Ad7959f04ae0cbdaC43922406Cea9bFa580B02,0x7f2e98b8ef9a1b72981fba4792bdf4ed854452bdd72482e4d1401463508e5c45,81,equip,equip
2026-04-29T23:44:47,OUT,MENTE,65.736738,0.01497264,day-market,0.9843,≈ $1,0xa37b10C5934146dfE95e2D376eCA86FaeDa44295,0xd8ed7e678641af79ada906cc68ea58f99938ca35ddd545f4b03c459b6bd87e4c,85,equip,equip
2026-04-29T23:59:19,OUT,MENTE,65.736738,0.01497264,day-market,0.9843,≈ $1,0x159D3c83dc810a22ABb838E2b64D7A1b7B8e98A8,0x233ddbecb61f75acdbb8bb079bb401f2628dfe7d5f2b587b066b7ab4428da2c2,168,equip,equip
2026-04-29T23:59:19,OUT,MENTE,65.736738,0.01497264,day-market,0.9843,≈ $1,0x81E476473b7ad46f1566067fF7abeec3Cd7D4Aba,0x82ec1934454bb916557294748243af7ebd79a6458981d5ec4f43608751abd5d2,167,equip,equip
2026-04-30T00:18:57,OUT,MENTE,65.736738,0.01493181,day-market,0.9816,≈ $1,0x7afD44D06e16B2dA543270A4617852106705d123,0x6ebde19aa7c30914534e9089ce63adc9b14f18503dbfb9cc693c77f83fe8f6f5,84,equip,equip
2026-04-30T00:18:57,OUT,MENTE,65.736738,0.01493181,day-market,0.9816,≈ $1,0x2bE3FE88E828b0FAc2Df317da9b5Bc5d50655359,0xd37a2b6d099d15cdb9f3ee159f9f7c8a33ca0fd469446c930956632d35eee70c,148,equip,equip
2026-04-30T00:29:07,OUT,MENTE,65.736738,0.01493181,day-market,0.9816,≈ $1,0xfe11C2CD4C0BDD43C621cd57dC9aCAD722fb3EF3,0xcbe1fd06f307a1021cfcb9a12ef83716f7cc80e267a166edddacfaa05a8bf324,99,equip,equip
2026-04-30T00:29:07,OUT,MENTE,65.736738,0.01493181,day-market,0.9816,≈ $1,0xfe11C2CD4C0BDD43C621cd57dC9aCAD722fb3EF3,0xe5d9acfc109b4f589647d414ba8a79643e4e6269dc197f59bc4e855a15c7da18,96,equip,equip
2026-04-30T00:29:07,OUT,MENTE,65.736738,0.01493181,day-market,0.9816,≈ $1,0xb9fb2426AD7805F2E04fD08d3470924BF9bD443E,0xfb696ba4b32e8d4adfe1095eb66284cccf4d0cfba8b25323ed542c82258d11f1,132,equip,equip
2026-04-30T00:32:07,OUT,MENTE,65.736738,0.01493181,day-market,0.9816,≈ $1,0xfe11C2CD4C0BDD43C621cd57dC9aCAD722fb3EF3,0x0f4903275e4c246947a9e4f5f4c0b4cd4cc050f559eed8b7c4b9690d37ee51c8,59,equip,equip
2026-04-30T00:32:07,OUT,MENTE,65.736738,0.01493181,day-market,0.9816,≈ $1,0xb9fb2426AD7805F2E04fD08d3470924BF9bD443E,0xa79ccc6cea3552209323c91b02e42a5e705196bf3f4686d790b81c1fb835aebd,77,equip,equip
2026-04-30T00:32:07,OUT,MENTE,65.736738,0.01493181,day-market,0.9816,≈ $1,0xfe11C2CD4C0BDD43C621cd57dC9aCAD722fb3EF3,0xdfa2f1a47dce44bd7e7e27fe5ebd05a487a5719bd4b27db6f8c0fba860699617,71,equip,equip
2026-04-30T01:14:57,OUT,MENTE,664.007457,0.01493181,day-market,9.9148,≈ $10,0x5946C6DE9d649658EA35f026132E6CaAabc49A64,0x9e12794b8465798c0fc0bff80608eacb0289bac529f2a2ad9637c7fc95f5ee52,230,growth,stripe $10
2026-04-30T01:25:57,OUT,MENTE,1328.014914,0.01493181,day-market,19.8297,≈ $20,0xBfd9A87715693cD6025276aEd05C41b69C125CDd,0x5491b099953a8afbcf33e813df31bd9e5fda4d4800458dec9fd7ba575d431dd5,291,growth,stripe $20
2026-04-30T01:34:27,OUT,MENTE,1328.014914,0.01493181,day-market,19.8297,≈ $20,0x7C11676532B4dFbBA63d07c231bBA5Edd37788b7,0xd957d936c6e697f4e3d9410999bed9a8b75755e72b106a0ad503bd4eee000436,333,growth,stripe $20
2026-04-30T01:49:47,OUT,MENTE,65.744205,0.01493181,day-market,0.9817,≈ $1,0x9c628B29b997360E349bf966D7B6f976c5F8542c,0x98380aa9dabf69fde83a34f22c3524fc555547b06906aa68d751209778db3203,154,equip,equip
2026-04-30T02:00:47,OUT,MENTE,1328.165762,0.01493181,day-market,19.8319,≈ $20,0x9F3495abe55ae1D3b9B7C25BB8686CA3f5E8700b,0x74e148a094166a7580c048b7daf424cea5874ed020d830dbb995f3909f77a207,219,growth,stripe $20
2026-04-30T02:24:47,OUT,MENTE,65.744205,0.01493181,day-market,0.9817,≈ $1,0xfe11C2CD4C0BDD43C621cd57dC9aCAD722fb3EF3,0x1757eba9771d43e3c9c056330917656893828b639e35a59116ab063932599dd4,161,equip,equip
2026-04-30T03:22:07,OUT,MENTE,65.744205,0.01493181,day-market,0.9817,≈ $1,0xDa9d9Ec3f3955fC346a24BEda9B7C3eea90Fe5F1,0x54d983ae017f1c4d5af63becfafec4383fb423382373bc7a7d773df1a75acf29,417,equip,equip
2026-04-30T03:22:07,OUT,MENTE,65.744205,0.01493181,day-market,0.9817,≈ $1,0x6E415eB1aFeD87effa5bC8034B88A2C54F78fCB7,0x977dae58a22b0db749053e8413cc4459f17ec65a4d82c295e7b12740971669e6,467,equip,equip
2026-04-30T03:26:17,OUT,MENTE,65.744205,0.01493181,day-market,0.9817,≈ $1,0x45c6A894Bc71Af7dD8fb8bC53ecB5e7Fb3BbBCBe,0xe7950653cc10f39f3b7fd382db776beae59a39cacb20b6a923e6d7d087d521b2,347,equip,equip
2026-04-30T03:26:27,OUT,MENTE,65.744205,0.01493181,day-market,0.9817,≈ $1,0x81E476473b7ad46f1566067fF7abeec3Cd7D4Aba,0x28147774521333f587c54e48c6275d9fe7c5fc1805cad7a32bb4e4b9209db8b8,484,equip,equip
2026-04-30T03:26:27,OUT,MENTE,65.744205,0.01493181,day-market,0.9817,≈ $1,0xfe11C2CD4C0BDD43C621cd57dC9aCAD722fb3EF3,0xd325d7513774afaf4ceb885074144305b0256450ddabf24fa2ee7551deb9fc86,483,equip,equip
2026-04-30T03:26:27,OUT,MENTE,65.744205,0.01493181,day-market,0.9817,≈ $1,0xDa9d9Ec3f3955fC346a24BEda9B7C3eea90Fe5F1,0xe12dd158173ed3e56be0149530575f77ef3622013b59f3e14036af5a8f4d309b,525,equip,equip
2026-04-30T03:31:57,OUT,MENTE,1328.165762,0.01493181,day-market,19.8319,≈ $20,0xF649B22eE9d95d3cA9B7a1435B39D6a04fd3B5c3,0x8824db1fd39602941545f203433df86df44f7672dc71ad4c1776f2ac780fd21d,408,growth,stripe $20
2026-04-30T03:42:27,OUT,MENTE,464.858017,0.01493181,day-market,6.9412,other size,0xF6BD0b50CcEF62eBa7a164F3d337872124b76B5E,0xc16b317dca601a4b25b3ecae8089292150e84b558eaf7eb2d5bff615ee5f911e,465,nonstandard,nonstandard (large)
2026-04-30T03:46:57,OUT,MENTE,65.744205,0.01493181,day-market,0.9817,≈ $1,0xDa9d9Ec3f3955fC346a24BEda9B7C3eea90Fe5F1,0x0dc8fe9166467981b62a1934739171eeafa3857c02b24007a0361acbfc37612e,546,equip,equip
2026-04-30T04:46:49,OUT,MENTE,65.751525,0.01493181,day-market,0.9818,≈ $1,0xF846d6127Ac7b31D74Eb0EBE6af68Dd30ed05848,0x1a250f6fbc133c6cbf8fc70e767057174cda344748b8c7f36653b39c5226440a,225,equip,equip
2026-04-30T04:47:49,OUT,MENTE,65.751525,0.01493181,day-market,0.9818,≈ $1,0xDa9d9Ec3f3955fC346a24BEda9B7C3eea90Fe5F1,0x277880db1123fce3582ac7c61d6f6eed511c6552c3b89c5fc400ed363d67bb66,46,equip,equip
2026-04-30T04:48:59,OUT,MENTE,65.751525,0.01493181,day-market,0.9818,≈ $1,0xF846d6127Ac7b31D74Eb0EBE6af68Dd30ed05848,0x70c6af6c487044503aaf341af323b3a9cce907c607f19601f305c6dd2b96b4aa,60,equip,equip
2026-04-30T04:50:29,OUT,MENTE,664.156820,0.01493181,day-market,9.9171,≈ $10,0x78C7B2eD13364991F9EC4F18796f33A5c45E257E,0x1dba5f971ec39cd42da5fc929eb330a70ba789434bfe03d9456a8db521f2761b,385,growth,stripe $10
2026-04-30T04:55:59,OUT,MENTE,332.078410,0.01493181,day-market,4.9585,≈ $5,0x00D10bD1f99a4C92fEF28F6c0bbF0f742ee0be35,0x8a1727426a557bcf9e75791c6c6f0adafbb87339e91532ce829d40d562e905fa,155,growth,referral $5
2026-04-30T05:03:39,OUT,MENTE,65.751525,0.01493181,day-market,0.9818,≈ $1,0xF846d6127Ac7b31D74Eb0EBE6af68Dd30ed05848,0x81b2e75d2582a9ad78c9bb09f1062932f6a2ae408439450a343cf52ba32815f4,187,equip,equip
2026-04-30T05:03:59,OUT,MENTE,65.751525,0.01493181,day-market,0.9818,≈ $1,0xF846d6127Ac7b31D74Eb0EBE6af68Dd30ed05848,0x1d26517777b92a9a3d8fdc9e46f43dac2d9707eedb1aea614c79eb60d603171d,74,equip,equip
2026-04-30T05:04:19,OUT,MENTE,65.751525,0.01493181,day-market,0.9818,≈ $1,0xF846d6127Ac7b31D74Eb0EBE6af68Dd30ed05848,0x9f6a3b3cdde9e3a4287147b2f45376b4ce2086aea4ce7fb8ba39425559d3fb2e,84,equip,equip
2026-04-30T05:26:49,OUT,MENTE,65.751525,0.01493181,day-market,0.9818,≈ $1,0x95118C82019cbBd39c17049c5ED7029F05B4427D,0x3cc302ca32b0419b836c7a99f1b4cd004b23962fa81620d0e1431b3e4aad2899,441,equip,equip
2026-04-30T05:26:49,OUT,MENTE,65.751525,0.01493181,day-market,0.9818,≈ $1,0x95118C82019cbBd39c17049c5ED7029F05B4427D,0xbe1c1ec5a564bee8e60fe4c3ed2859a7a157439c442f7245f992a070c4d528c4,446,equip,equip
2026-04-30T05:35:39,OUT,MENTE,1328.444961,0.01493181,day-market,19.8361,≈ $20,0x0CC8a8F719D13f995F81E9C732482f686A1bB026,0x14e894c07bf5fca64d68220fe744e9acc2dcfeb4e18ac2534a4943c3a81a3492,239,growth,stripe $20
2026-04-30T05:39:39,OUT,MENTE,65.758026,0.01493181,day-market,0.9819,≈ $1,0xDa9d9Ec3f3955fC346a24BEda9B7C3eea90Fe5F1,0xcca1da0fa90081efce6640223b6d4d93c82a48578e6d6a21f88e76ad4900af06,160,equip,equip
2026-04-30T05:50:39,OUT,MENTE,65.758026,0.01493181,day-market,0.9819,≈ $1,0xa37b10C5934146dfE95e2D376eCA86FaeDa44295,0x18a801d196b31b5501dc8947d3925ff00ac0426b9cec3e807cd5d659527e85f5,273,equip,equip
2026-04-30T05:50:39,OUT,MENTE,65.758026,0.01493181,day-market,0.9819,≈ $1,0x10Ad7959f04ae0cbdaC43922406Cea9bFa580B02,0x3cf526d49adb7dd0e968cefc40a91f7a9a011e3b8d21eea65c25b82954ebd715,254,equip,equip
2026-04-30T05:51:29,OUT,MENTE,65.758026,0.01493181,day-market,0.9819,≈ $1,0xb9fb2426AD7805F2E04fD08d3470924BF9bD443E,0x1d79308ed413f2c747057332688e66251184b4c01e40e1870639107d85de7b35,423,equip,equip
2026-04-30T05:55:49,OUT,MENTE,65.758026,0.01493181,day-market,0.9819,≈ $1,0x10Ad7959f04ae0cbdaC43922406Cea9bFa580B02,0x948e823c7013dfdfde3b8d6c477e4529d96455f9ca6eb614fdfa2f61ab354d15,440,equip,equip
2026-04-30T05:55:49,OUT,MENTE,65.758026,0.01493181,day-market,0.9819,≈ $1,0x7afD44D06e16B2dA543270A4617852106705d123,0xbf31d4c4d43fab0ed414a0ef63f997ae4ab22809684f2b657471036e7accf1d7,439,equip,equip
2026-04-30T05:55:49,OUT,MENTE,65.758026,0.01493181,day-market,0.9819,≈ $1,0xb9fb2426AD7805F2E04fD08d3470924BF9bD443E,0xebdfb29a6495158faf873f24c15957e4a1bc34618bdb7877bbcec9c57be102b9,427,equip,equip
2026-04-30T06:10:19,OUT,MENTE,664.222480,0.01493181,day-market,9.9180,≈ $10,0x05E2151c51b8E81C07092645Ef14f4bDc61DfB8D,0x6553cff6f5acaea8c7e220e7d0842d38f42da4269c348cdb1725bc7287810399,250,growth,stripe $10
2026-04-30T06:47:09,OUT,MENTE,664.222480,0.01493181,day-market,9.9180,≈ $10,0xaFEC6D79d5d8fF9B781836A3b7f3A17CB632fBC0,0x1b743a0c2f902d89590139d1c8bf2b8164c3e1b190b295335c93f1f2f408d889,677,growth,stripe $10
2026-04-30T06:47:09,OUT,MENTE,664.222480,0.01493181,day-market,9.9180,≈ $10,0x345F2Be31d7906423C63ECEdaE6e6cBe8cC5DdDB,0x500d693e383f47618a7f010aa800e6daa011b6421967b2e008e620eff156f40e,691,growth,stripe $10
2026-04-30T06:47:09,OUT,MENTE,664.222480,0.01493181,day-market,9.9180,≈ $10,0xFa0357CA9523b0f0292cfB0EFE0E6E999Df5B45A,0x889adcd7670b5f91bce8d35bd2a99d95f59112704ddef6aca03318f9011863b0,720,growth,stripe $10
2026-04-30T06:47:09,OUT,MENTE,664.222480,0.01493181,day-market,9.9180,≈ $10,0xEB481829E24dec48b67B01F52C0504C40880D6B1,0xb28b0fe9eff722dc906bbb4bdebd7e6d2e58c81e2b119d918877cab0cf53c312,719,growth,stripe $10
2026-04-30T06:47:09,OUT,MENTE,664.222480,0.01493181,day-market,9.9180,≈ $10,0x69e247f8712E62b91BdC6823460cDb9A248B80A5,0xd667a91bb8dacb7a5e0af6e6604c6539f869dfdc20be1cde904cd9f617299976,929,growth,stripe $10
2026-04-30T06:47:09,OUT,MENTE,664.222480,0.01493181,day-market,9.9180,≈ $10,0x045C84bf43bB67eD8E95385eF641745e31892c4b,0xfcae2b57b74ead3b4ce6fe0659683179db5f18ab7a521d61793b9746f56781ca,930,growth,stripe $10
2026-04-30T06:47:11,OUT,MENTE,664.222480,0.01493181,day-market,9.9180,≈ $10,0xf78D7f0936539C3f39b62E82DF4487A6775DE01f,0x165428f26da97c09ad4d9145e8c600cdfb0280e5ce7bc8f6647bac01b31788b5,105,growth,stripe $10
2026-04-30T06:47:11,OUT,MENTE,664.222480,0.01493181,day-market,9.9180,≈ $10,0x36f5A8A9E18Ae3970eF29B043b667b220EE6414F,0x3231a3f84771417c5765cee5a1b45e645dd701846ba91d1cc62ab872f5a63072,107,growth,stripe $10
2026-04-30T06:47:11,OUT,MENTE,664.222480,0.01493181,day-market,9.9180,≈ $10,0xD17aD2d8D72365CcEbDa1e9F448c5593D4834910,0x5f27f6eef82a6ae8eb45751c0e61a0b54eb81353a4039335148ea6713d623387,106,growth,stripe $10
2026-04-30T06:47:11,OUT,MENTE,664.222480,0.01493181,day-market,9.9180,≈ $10,0x573324CEc0E87A028292B6Bb212A96eb3D635F62,0xe3f0e0e78d1c7979071fc6683e9f05a893efda4988f8e72a1f4ad27af48c0d82,104,growth,stripe $10
2026-04-30T06:47:19,OUT,MENTE,664.222480,0.01493181,day-market,9.9180,≈ $10,0xDcB84AF25DBB6F2Da8eed82FDe508A975d5a8A3f,0x3a00a398c81714e5d1ce3862acb40184ce494684c42ee775c71edb8aafb2427d,296,growth,stripe $10
2026-04-30T06:47:19,OUT,MENTE,664.222480,0.01493181,day-market,9.9180,≈ $10,0x9aF11FAE7f787Fb5f3eF8E90C617B7c97c47F1E5,0x47ba33f7f63152a37b2c6508c7e03bead1adef6938643f3b1ff963075005e1ea,338,growth,stripe $10
2026-04-30T06:47:19,OUT,MENTE,664.222480,0.01493181,day-market,9.9180,≈ $10,0x9Bd380016d43A660E8FfCBe128A93315f4c8231A,0x5b0d99ebf00c4b68df92df499f934e7d709ef026df2e1aaef324ae1b803d993a,278,growth,stripe $10
2026-04-30T06:47:19,OUT,MENTE,664.222480,0.01493181,day-market,9.9180,≈ $10,0xe4D6d46BD108d55d1e8421685D869334c1682B20,0x6cdce0c706d6b06f7a8e5faed8cf30f587ced9fa3d58becff5d5e0b6885fb805,337,growth,stripe $10
2026-04-30T06:47:19,OUT,MENTE,664.222480,0.01493181,day-market,9.9180,≈ $10,0x23E048dB003dbE48Ec817Bb928636848d16503Af,0x825a2cb89a3c5c221d778edee095eecd03cce10caa40d9cea9fd7d9fca6a3579,377,growth,stripe $10
2026-04-30T06:47:19,OUT,MENTE,664.222480,0.01493181,day-market,9.9180,≈ $10,0xf597667c110818f03BBeA377aC0b7DC666aB99b6,0x876ede5be46eedac584029521315b5464b7cdd6c457a34ed3b84885cc7794eff,378,growth,stripe $10
2026-04-30T06:47:19,OUT,MENTE,664.222480,0.01493181,day-market,9.9180,≈ $10,0x0b75C6F40BdbE64990d3686e80E93E5B6E71a2d6,0x9e8d520c53add44c41bb8f3b2632e2b36948e5658efe71a8506b69b291dd44ce,349,growth,stripe $10
2026-04-30T06:47:19,OUT,MENTE,664.222480,0.01493181,day-market,9.9180,≈ $10,0xd09c1D1747aF0e8850E4D214CC0aF0d23A1Bf1B1,0xd7905f9cbcf719a4df95195fa2dd0d373e047117a54379d30c76caf450ee045d,339,growth,stripe $10
2026-04-30T06:47:19,OUT,MENTE,664.222480,0.01493181,day-market,9.9180,≈ $10,0x12D71514Ed20029f10791E4186F1b4DCbE781c31,0xec851cfdbf4d6bbf7c41f2e4c2c7a12074218c1acf5f75e748e2ed204682e169,438,growth,stripe $10
2026-04-30T06:47:19,OUT,MENTE,664.222480,0.01493181,day-market,9.9180,≈ $10,0x4d518DDcB63C2eC29b95032B2a700cC4DF5f566c,0xfe4dd0fa7198b29425296ce9070e3edc88fe14ed5574141223fc48d31fd7ad2c,376,growth,stripe $10
2026-04-30T06:47:29,OUT,MENTE,664.222480,0.01493181,day-market,9.9180,≈ $10,0x06F72F8CF39B9d7881Ba848A4Ce9d4897f991eDC,0x08e2fcaeee78a6350118a493c9c4256f78dce2db896479e46e9dc661900ab194,670,growth,stripe $10
2026-04-30T06:47:29,OUT,MENTE,664.222480,0.01493181,day-market,9.9180,≈ $10,0xf6a142EFcD659AA217dC79E9BCec09D9A7d9F567,0x2d58648075cc6081045bd971dd74a3de6c6c39d37666ac900a02647b2d6ae9ad,507,growth,stripe $10
2026-04-30T06:47:29,OUT,MENTE,664.222480,0.01493181,day-market,9.9180,≈ $10,0x049028E52b7fE8248Aee63B3C9a068F5103d5d2F,0x336ec8efac7a13262b458dda09e3c099af72689e45e51cc4a38ed38759ea42cc,587,growth,stripe $10
2026-04-30T06:47:29,OUT,MENTE,664.222480,0.01493181,day-market,9.9180,≈ $10,0x3d49F1c9B5579CF61Ed8Ceb4837350e7c3c38668,0x496c14418cfb1093986c6e9a7eabe41307c34f464f000cd5d3d2e34a76fe63db,669,growth,stripe $10
2026-04-30T06:47:29,OUT,MENTE,664.222480,0.01493181,day-market,9.9180,≈ $10,0xd91413357d06533ef91299C35379eD4ba41BFd0F,0x62945858b398d32c3b29e63d9294c0e9af93d870ccb458c87a4f2030e5f8dac2,787,growth,stripe $10
2026-04-30T06:47:29,OUT,MENTE,664.222480,0.01493181,day-market,9.9180,≈ $10,0x552527d1F46B003202442B6c8424821A7E3Fb3bD,0x6333f7491f8cbcd469643c43667db8d27cb0ebcac152d67888e3ed314eba01a3,579,growth,stripe $10
2026-04-30T06:47:29,OUT,MENTE,664.222480,0.01493181,day-market,9.9180,≈ $10,0x8e97452Aec3D6E4EdB41115B5208909135Ad222a,0x6a6d2c201c17b8d736a80422702188b033bfd86c2fae65ac58e459a3be53198d,501,growth,stripe $10
2026-04-30T06:47:29,OUT,MENTE,664.222480,0.01493181,day-market,9.9180,≈ $10,0x8c15b15c5A585fB3796963709C986A38fE1589C8,0x719c16357b5f2e0d883f043de8763dad36d35608a8a5a5f13ca039e0fbcd1f3d,580,growth,stripe $10
2026-04-30T06:47:29,OUT,MENTE,664.222480,0.01493181,day-market,9.9180,≈ $10,0x95ea85693141cC4Eb801EABe015B3784Fd99fcd2,0xd4c4f4164d995501291b9a2c8cb3084560576e64e9b7636f34f32c2eef241507,588,growth,stripe $10
2026-04-30T06:47:29,OUT,MENTE,664.222480,0.01493181,day-market,9.9180,≈ $10,0xe00E07cf99A25371ad486A9615696516593aE3e7,0xfa3fcfd84f205a5bfe8f1fe355d541fe6c9ae811747d0d81bf4afeff546f5b43,786,growth,stripe $10
2026-04-30T06:47:39,OUT,MENTE,664.222480,0.01493181,day-market,9.9180,≈ $10,0xdE8C3498219589D105ecb4E2e1F9a246Acc3b46E,0x205c5f6ecb2511917deeccfdef723bdd75452c3e13c777bd776164f38ce84a29,307,growth,stripe $10
2026-04-30T06:47:39,OUT,MENTE,664.222480,0.01493181,day-market,9.9180,≈ $10,0x30c397C204284E63079348b295be7f5496B68a57,0x220dc725f6e7e3421952a15f2c7359ca5557d9fc4abaab6afb2ff0f8a7a87fdb,276,growth,stripe $10
2026-04-30T06:47:39,OUT,MENTE,664.222480,0.01493181,day-market,9.9180,≈ $10,0xAC572926a5BF71Bd83Ae5d762FEAa0c00630d19f,0x2546aa7ee39cbfa03d9713a6254537036c490551f6d55180f401afe41b502769,306,growth,stripe $10
2026-04-30T06:47:39,OUT,MENTE,664.222480,0.01493181,day-market,9.9180,≈ $10,0xD4beb70bEC3d09Ffb3555d167bddc45c2e08D3BC,0x2a5961879b8861c055fd901bc6ff8a0fe9d5a54d356c35289f4d9ea05fd2dfcd,308,growth,stripe $10
2026-04-30T06:47:39,OUT,MENTE,664.222480,0.01493181,day-market,9.9180,≈ $10,0x80634D6711769c7B0eC473197a4f82895DF0faB8,0x4173a2c0dd59940eeadc60109ec9fb2c449b815c09f66b0241030c7500d6130a,300,growth,stripe $10
2026-04-30T06:47:39,OUT,MENTE,664.222480,0.01493181,day-market,9.9180,≈ $10,0xbec78ed1e36b7E56631eb3eFcbE302494D5B2d68,0x5a2136679de3d90c5a0255b34beb5cd088f46a8adbcbcc9839a4a26243b58c6c,275,growth,stripe $10
2026-04-30T06:47:39,OUT,MENTE,664.222480,0.01493181,day-market,9.9180,≈ $10,0xA4B14005742b16E698190baA86Df8425Adb4e564,0x71fb17e5757041576a19b5f4dd6ee8aa3483061ff9ecf9aa4abaec4a74e8062e,240,growth,stripe $10
2026-04-30T06:47:39,OUT,MENTE,664.222480,0.01493181,day-market,9.9180,≈ $10,0x2941108be8053Cd8CB441Efe0fAb5a2e86E83eF5,0x7f1737e266025038ee924d01f0b065731d2884243af79dd4b1118c8f9800a2d6,301,growth,stripe $10
2026-04-30T06:47:39,OUT,MENTE,664.222480,0.01493181,day-market,9.9180,≈ $10,0x81717796166557c572Da2913f1fCa381eD52ea9f,0xb07a16615a7948ea1797b3da4ea7ebefd493f54acec3c132ef07a893e0c0d286,336,growth,stripe $10
2026-04-30T06:47:39,OUT,MENTE,664.222480,0.01493181,day-market,9.9180,≈ $10,0x5CA97dC455C73E51Eb77b901c2D14Ba1C2827942,0xdd6d904c820e9e120d31294cfc44688c1effa636c57493ddb96eda3a778c781f,234,growth,stripe $10
2026-04-30T06:47:49,OUT,MENTE,664.222480,0.01493181,day-market,9.9180,≈ $10,0xe5Fa465AD4b9e6CDB4D3Ea50d9EB575435C522Af,0x023c61d0fa267faee6ba2f0beb20748a2234e40dbbc30b576a2d872a549275d0,700,growth,stripe $10
2026-04-30T06:47:49,OUT,MENTE,664.222480,0.01493181,day-market,9.9180,≈ $10,0x2c8474b13B5683c3E88277707D6Ccd565fFe993B,0x03f835c97257f9a195983fcee562d40992e31fed0b7a6b229ed555825698ff87,671,growth,stripe $10
2026-04-30T06:47:49,OUT,MENTE,664.222480,0.01493181,day-market,9.9180,≈ $10,0x9BE9807536539019A9243f99338d31a395493Ec5,0x3c34cf003a305b38b5980651892b76e3eb7113ed8bfe06a42549e5e2ec2a22a3,981,growth,stripe $10
2026-04-30T06:47:49,OUT,MENTE,664.222480,0.01493181,day-market,9.9180,≈ $10,0x8161d1fB8545Cb01E999bD77d5563f88Ca9784bC,0x430a7d09f914f094e0e822f7ffbf98d6e983ff6971c67b0cc1677acd10cec561,754,growth,stripe $10
2026-04-30T06:47:49,OUT,MENTE,664.222480,0.01493181,day-market,9.9180,≈ $10,0xA7BdD05FD59a8aaB10b525B9d74D20CF84Cbb4ce,0x4eb5d0f3688e235c97b8393929dc0586cbc9ada3c6e498b968a46c0a36219404,696,growth,stripe $10
2026-04-30T06:47:49,OUT,MENTE,664.222480,0.01493181,day-market,9.9180,≈ $10,0x740e805ed3470F42d5117A2Da0c7e536D70e50b9,0x533d835df947af4af4c7c19ffe54961bc1426fa3bb508699eefd4decdbdd7a20,753,growth,stripe $10
2026-04-30T06:47:49,OUT,MENTE,664.222480,0.01493181,day-market,9.9180,≈ $10,0xCca6bd8897A2a43375D18aa1fA552Cc77aa8A83E,0xa071817e96670d523e3b0975e986b08edd7a91966f5410e2d917d62854fa811e,752,growth,stripe $10
2026-04-30T06:47:49,OUT,MENTE,664.222480,0.01493181,day-market,9.9180,≈ $10,0x8F771977758272Cd89091B088C5feC5B26d4607F,0xa6249ba63a97c12afe6dca3da892ac505208e9008101ce67ddca45cc4901a66e,670,growth,stripe $10
2026-04-30T06:47:49,OUT,MENTE,664.222480,0.01493181,day-market,9.9180,≈ $10,0x18Ee5369D032c79D8159F0B761Ed2b2E3DaaA673,0xa9e697e899279a789105ed82df13e232c11dfdbc69882f25ddf98743002fb008,668,growth,stripe $10
2026-04-30T06:47:49,OUT,MENTE,664.222480,0.01493181,day-market,9.9180,≈ $10,0xc23Dd98F1D04d802b3638De2e8aC32BEF47F06dc,0xee11029ab6a9a9ee7279e9c76cf8ed59ba7555e566935f3a42894fc01e6a9e4d,701,growth,stripe $10
2026-04-30T06:47:59,OUT,MENTE,664.222480,0.01493181,day-market,9.9180,≈ $10,0x92FA8C549FA448fB62c58F83721AedDc9c97bbBb,0x0788db68a579c60550fbf95f0068026fdb596ae90979539cf7e23330ae286385,321,growth,stripe $10
2026-04-30T06:47:59,OUT,MENTE,664.222480,0.01493181,day-market,9.9180,≈ $10,0x7c211aa5d504BbA0eF41B9f69C61B0cbaD453Bde,0x08c8061c5b4d39d2242743cb335167907df6266146b7792c0803493060e7ca34,191,growth,stripe $10
2026-04-30T06:47:59,OUT,MENTE,664.222480,0.01493181,day-market,9.9180,≈ $10,0x0424f9dbdA06ceCd1b5f4Ebd0e887f695BEd6cD8,0x4cdef2976203ec670dc626363187ed89115309779f8cb039fb2ba77fda824c6f,402,growth,stripe $10
2026-04-30T06:47:59,OUT,MENTE,664.222480,0.01493181,day-market,9.9180,≈ $10,0x465A349F76ffc02cbDD5D7c6Ddc5dF5168Bb0660,0x649321f3f85cdf32340bc53491cf51337e65b9130382f731f1a09317e297d9ef,327,growth,stripe $10
2026-04-30T06:47:59,OUT,MENTE,664.222480,0.01493181,day-market,9.9180,≈ $10,0x7F5A1186ddaC015cf9911a91178339df18CB12A7,0x91e089fcb1cccca218be1fb2d976bb043015219dc4d0a6df0caaf40ba49a3815,358,growth,stripe $10
2026-04-30T06:47:59,OUT,MENTE,664.222480,0.01493181,day-market,9.9180,≈ $10,0x117280808e27F3Fc312dd36DD2Df2AaCe771670f,0x92d5028f643708ff858e7f2719cceb4ad553dcb7be5d6dbd271c034daa1d59ba,362,growth,stripe $10
2026-04-30T06:47:59,OUT,MENTE,664.222480,0.01493181,day-market,9.9180,≈ $10,0xE8988B7295b786a13554430A2B7Ec13c72dC1435,0x94aa09680a25c0ad6a04a124321a38a60726ee29f075d59710e44cbb0acf285d,359,growth,stripe $10
2026-04-30T06:47:59,OUT,MENTE,664.222480,0.01493181,day-market,9.9180,≈ $10,0xed2BbD6832e5cD42fb256cAAE7Bf5B92a99a9De5,0x9d87c14d185a480e45310a9298737e5f3540e206225b684c49973dfe91015e73,361,growth,stripe $10
2026-04-30T06:47:59,OUT,MENTE,664.222480,0.01493181,day-market,9.9180,≈ $10,0xD51D88cB71e72f84c257774B2D8403FC6bC56203,0xb91ada35973cd5872e63cff3dd823aa86397c8628658755ece14a46b06aa4da8,320,growth,stripe $10
2026-04-30T06:47:59,OUT,MENTE,664.222480,0.01493181,day-market,9.9180,≈ $10,0x11ae5A3E3d7da3698d68d23FD5687653e66Ba6be,0xfd96405bf15149afe26216a576755a672e748eb7b243f2bb8b484467850ae4b4,328,growth,stripe $10
2026-04-30T06:48:17,OUT,MENTE,664.222480,0.01493181,day-market,9.9180,≈ $10,0xC7BFF2A4201c853Cd724f1fCbB9492271cfF31db,0x23ba6e9cbb23aa9404ef104896c5e02a4c1d025c8c050778d41de2460c384654,324,growth,stripe $10
2026-04-30T06:48:17,OUT,MENTE,664.222480,0.01493181,day-market,9.9180,≈ $10,0x0CC8a8F719D13f995F81E9C732482f686A1bB026,0xd2d9dffc348a0f7212932a9bf5a500ea473b5c586b8b293f405cba3cb7eb4d22,368,growth,stripe $10
2026-04-30T06:48:19,OUT,MENTE,664.222480,0.01493181,day-market,9.9180,≈ $10,0xe7D8cb8C427bF86386e761C2300E82BF2633499b,0x11a0f337af4af58a246a76e18cdc530956050e468792e00846b0fc1187093b85,133,growth,stripe $10
2026-04-30T06:48:19,OUT,MENTE,664.222480,0.01493181,day-market,9.9180,≈ $10,0x8b582AC58635998c2bC9d17790d330633eE11eB0,0x2c7b80f83acf17770cc8d446b53b29575eb2d4697847788e5200bb4279b6894d,48,growth,stripe $10
2026-04-30T06:48:19,OUT,MENTE,664.222480,0.01493181,day-market,9.9180,≈ $10,0x05E2151c51b8E81C07092645Ef14f4bDc61DfB8D,0x316dec4628a9b6381fa0ea5a53428fb46d45afb80dc5e4fec763a670bb7aaccf,45,growth,stripe $10
2026-04-30T06:48:19,OUT,MENTE,664.222480,0.01493181,day-market,9.9180,≈ $10,0x2A0cFd3143F887f1bB50Fb9b68C981ee771825aa,0x32258a87c7febac1800529d8d226f9fbd6d26688026754d41068a26900f8d0ab,46,growth,stripe $10
2026-04-30T06:48:19,OUT,MENTE,664.222480,0.01493181,day-market,9.9180,≈ $10,0xe3482CFB8E3b3893536493d70a5d6D592c2AF2fD,0xbfb6ba3a05bc461decea49f09ac31ec17732cd2a0119813708547d290e55348e,154,growth,stripe $10
2026-04-30T06:48:19,OUT,MENTE,664.222480,0.01493181,day-market,9.9180,≈ $10,0xb2d370Df44A0b161Ff90b48c194F268C74100F93,0xdd9be2569b78d2602be9579d4fc87f24a2dd918eaefbe19256c650adf2abba65,105,growth,stripe $10
2026-04-30T06:48:19,OUT,MENTE,664.222480,0.01493181,day-market,9.9180,≈ $10,0x9A35DE60eeDb588A030E023b1af7517920Ff2aDe,0xf07ef7cd661c7e36dce40709f415bbcc6ec4a76173421e89b9c7b5f184711c38,106,growth,stripe $10
2026-04-30T06:48:19,OUT,MENTE,664.222480,0.01493181,day-market,9.9180,≈ $10,0x6Ff9e030CB4d888de6F66DaF7820906fa5202853,0xf42f0bdd14f44cce2b6da25e56870547325ff47e776a2e6514c1337f7a0356d2,47,growth,stripe $10
2026-04-30T06:48:27,OUT,MENTE,664.222480,0.01493181,day-market,9.9180,≈ $10,0xF39E06da964864a947e062126efCC73b2Bcd0cdd,0x64c17cb5a1e55f65b66c0db7fb8e623deb889962fbddfb4ee28a0920444f32df,185,growth,stripe $10
2026-04-30T06:48:27,OUT,MENTE,664.222480,0.01493181,day-market,9.9180,≈ $10,0x4D3b166812746d536dFE88d9CBFfEe8F61354090,0x7f4ee706143965d7cc1b0d3e1f252b402ab1a166c3b392eaf2d6d98f90ea3dac,183,growth,stripe $10
2026-04-30T06:49:27,OUT,MENTE,664.222480,0.01493181,day-market,9.9180,≈ $10,0xaFEC6D79d5d8fF9B781836A3b7f3A17CB632fBC0,0x8e415c0db6a1b36ac11d8cd3969dd77a0bdbcac7b958632a81960398984f218c,130,growth,stripe $10
2026-04-30T06:50:27,OUT,MENTE,65.758026,0.01493181,day-market,0.9819,≈ $1,0xDa9d9Ec3f3955fC346a24BEda9B7C3eea90Fe5F1,0x90399aa32c75043adf24f7f109a9cb567b63b29a4dcf185c5bb7f90212cf1814,372,equip,equip
2026-04-30T06:50:27,OUT,MENTE,65.758026,0.01493181,day-market,0.9819,≈ $1,0x6E415eB1aFeD87effa5bC8034B88A2C54F78fCB7,0xd003b6af39f19cfbc5fb294b9d9d0bc1b8bccf473e0f4a31002807863285b07c,374,equip,equip
2026-04-30T06:51:37,OUT,MENTE,664.222480,0.01493181,day-market,9.9180,≈ $10,0xf78D7f0936539C3f39b62E82DF4487A6775DE01f,0xa08d3f8c21c8a6c2e00e5e2c7d760e5c20df94bbb7fa821850629ddcddeeb103,290,growth,stripe $10
2026-04-30T07:12:07,OUT,MENTE,664.222480,0.01493181,day-market,9.9180,≈ $10,0x259D0FC764cDf39101ff950ba8Ff05797284354f,0x105c6eaf1ed381b3d880ffb6f13c63a2d19215ce7b6ab495f1ea84683268820c,403,growth,stripe $10
2026-04-30T07:12:07,OUT,MENTE,664.222480,0.01493181,day-market,9.9180,≈ $10,0xa22c8C0dAF1cc0731D850B8666A07f509De995D2,0xa655cd93a719afab275348df9af04d68fb8bda5703e5ca175cb6c0574a7b82dc,343,growth,stripe $10
2026-04-30T07:12:07,OUT,MENTE,664.222480,0.01493181,day-market,9.9180,≈ $10,0xCa0013bb84a3F1369217493D29d92bc917293024,0xb0063ddeae6280fb15abc79d6e098894f6723ea67436c86d562d2b2c457ebd62,445,growth,stripe $10
2026-04-30T07:12:07,OUT,MENTE,664.222480,0.01493181,day-market,9.9180,≈ $10,0x2F1d791AdF58E706ecB30d1CA0193F3723C73656,0xd38d7c66e71ff4749f521a1a4a29b73a90c88fd2e70a1fea5a7e16cd2bb44650,402,growth,stripe $10
2026-04-30T07:12:07,OUT,MENTE,664.222480,0.01493181,day-market,9.9180,≈ $10,0x06F72F8CF39B9d7881Ba848A4Ce9d4897f991eDC,0xf20c4cd2487e98b665ac5c847b91223a257adf212e82ed7ca1d0a6ccd8cb3028,446,growth,stripe $10
2026-04-30T07:19:49,OUT,MENTE,65.758026,0.01493181,day-market,0.9819,≈ $1,0x78f8f65bE72F2Cbf3b10ed47Fd6a289c7974f15c,0x621436dacf4a53fb58801152374ff2c4578603aca9cfc654e63eb57c16808112,1315,equip,equip
2026-04-30T07:37:37,OUT,MENTE,65.758026,0.01493181,day-market,0.9819,≈ $1,0x5956c6bBcf20247dAaFBD34EFC8cA8657e37dEF9,0xb633d481d090a1d03c7e5fff699d34b9c11e57e10576d4779a6ff1d7a2a0de72,663,equip,equip
2026-04-30T07:37:47,OUT,MENTE,65.758026,0.01493181,day-market,0.9819,≈ $1,0x5956c6bBcf20247dAaFBD34EFC8cA8657e37dEF9,0x62a6cb80d8f000d64ab7452e2d60317646a801dab9d6959ae3a2ce2d0757fc99,404,equip,equip
2026-04-30T07:37:47,OUT,MENTE,65.758026,0.01493181,day-market,0.9819,≈ $1,0x5956c6bBcf20247dAaFBD34EFC8cA8657e37dEF9,0x7c076c5f05e652fd499a24467546a0e5d7ae52c9ed675c4433ddc502e8a5b3fc,391,equip,equip
2026-04-30T08:28:21,OUT,MENTE,65.758026,0.01493181,day-market,0.9819,≈ $1,0xF6BD0b50CcEF62eBa7a164F3d337872124b76B5E,0x5aff2ade3ce40daf62062eca513b056521b88c2982299dd5e464ce040cedf1f7,347,equip,equip
2026-04-30T08:28:49,OUT,MENTE,4.099881,0.01493181,day-market,0.0612,other size,0xF6BD0b50CcEF62eBa7a164F3d337872124b76B5E,0x0efe16529d7fae981e7270f39b169769eb8268dcb96929a874493ddfcd3e5187,316,nonstandard,nonstandard (small)
2026-04-30T09:12:41,IN,MENTE,66000.000000,0.01493181,day-market,985.4995,,0xd85096fAeC1aC03075667B4C1a1661F5623Bf111,0xcee33da9d05775461ec884f3d701c1bd035319d71a3cc08afe1c8de8ab217588,364,,
2026-04-30T09:19:27,OUT,MENTE,664.222480,0.01493181,day-market,9.9180,≈ $10,0x9ee482a2Ef7A2A700865eedA6baB62798A7A4A56,0x676fed4224518915ea763484469cd597b70dffd06342d1acff246397ef60b490,179,growth,stripe $10
2026-04-30T09:19:27,OUT,MENTE,664.222480,0.01493181,day-market,9.9180,≈ $10,0x9537A7f96a411C8C60f693745e09C03Ab937361D,0xed3c52bb97e9e025aa74d02e7dd734dfaefe9ab1c50160527fda2d59ec9c9b19,181,growth,stripe $10
2026-04-30T09:20:17,OUT,MENTE,332.111240,0.01493181,day-market,4.9590,≈ $5,0x2adA235E4044E7eE939a044201dC86b525CD53d6,0x605a17cc06e873df66ebbf245cd91f8d333c4846befd86d8ca5cd3c3b8a5e7f4,67,growth,referral $5
2026-04-30T09:27:27,OUT,MENTE,65.758026,0.01493181,day-market,0.9819,≈ $1,0x45c6A894Bc71Af7dD8fb8bC53ecB5e7Fb3BbBCBe,0x56c9ae1e4c1d7136a7bd1851bccb4e4721115610a86736cbaf49fe0e5ccf7725,218,equip,equip
2026-04-30T09:32:37,OUT,MENTE,65.758026,0.01493181,day-market,0.9819,≈ $1,0xDa9d9Ec3f3955fC346a24BEda9B7C3eea90Fe5F1,0x1fedc7e2382d1c2088e162e31c19f8f5f02a5c205b02c890358eaeca8044ed71,298,equip,equip
2026-04-30T09:35:47,OUT,MENTE,1328.444961,0.01493181,day-market,19.8361,≈ $20,0xfE1330D811d4E68173EE9863a8e867A12B76f679,0xea2b5f22ae8203df3a6fd6c63d1925851099e49684bd1b5e513d09adf5bef50a,166,growth,stripe $20
2026-04-30T09:36:47,OUT,MENTE,65.758026,0.01493181,day-market,0.9819,≈ $1,0xa37b10C5934146dfE95e2D376eCA86FaeDa44295,0x097c29138d5c23f9d07678d6b0ae5dacc2229e505e6e317eecb541061ca9063e,139,equip,equip
2026-04-30T09:36:47,OUT,MENTE,65.758026,0.01493181,day-market,0.9819,≈ $1,0x10Ad7959f04ae0cbdaC43922406Cea9bFa580B02,0x59e921f1afdd5b1d0d30df60c98b3c45ef8d0a6156ca0e7649dcc3cff46cbb62,114,equip,equip
2026-04-30T09:37:37,OUT,MENTE,65.758026,0.01493181,day-market,0.9819,≈ $1,0x10Ad7959f04ae0cbdaC43922406Cea9bFa580B02,0xbc3af5566db422808590508a0f7cd32799cddb76735580e72b10d622d4940089,71,equip,equip
2026-04-30T09:39:07,OUT,MENTE,65.758026,0.01493181,day-market,0.9819,≈ $1,0xF846d6127Ac7b31D74Eb0EBE6af68Dd30ed05848,0xfde284df128e7c47a8b62815663c9468c37779a7d16a2f4ae60fba96fd8bdcbd,296,equip,equip
2026-04-30T09:39:27,OUT,MENTE,65.758026,0.01493181,day-market,0.9819,≈ $1,0x32a228Ac925301f766B8E80286e89697a723b521,0x137c00494355d6f133586c61a29038e4ab5c4f61a40c2fdc31dc0a9d70e8f6ba,98,equip,equip
2026-04-30T09:41:27,OUT,MENTE,65.758026,0.01493181,day-market,0.9819,≈ $1,0xF846d6127Ac7b31D74Eb0EBE6af68Dd30ed05848,0x6148cc43c0a36e0637c68063a80622058abb8e7cb7d653273864d308d71a2032,94,equip,equip
2026-04-30T09:43:17,OUT,MENTE,664.222480,0.01493181,day-market,9.9180,≈ $10,0x5b0e6471c2fA86E939092f073CaBc98145cb0b82,0x0d005882825e42013c6cbc80e1f95f33b571fb060157ff5c9479ede5b7f41251,267,growth,stripe $10
2026-04-30T09:43:17,OUT,MENTE,664.222480,0.01493181,day-market,9.9180,≈ $10,0x6f27a136494B4bf5C3A5843A906B6c8cBD8c864D,0x3ec6babf55c540b7e61cda6d6f8a7cbf3894c63f155f7b7b52ba014bfca8714c,326,growth,stripe $10
2026-04-30T09:43:17,OUT,MENTE,664.222480,0.01493181,day-market,9.9180,≈ $10,0x2adA235E4044E7eE939a044201dC86b525CD53d6,0x6b85aa3e8da5148fdd071d4324e9c62fac35b1b31571a3973166a0368bd17bdb,233,growth,stripe $10
2026-04-30T09:43:17,OUT,MENTE,664.222480,0.01493181,day-market,9.9180,≈ $10,0xAd8a5E413C48C6E70395915617EdE1D888456661,0x95079771bcfb5399ffdef6f275ff35b9082198395e70f8b58443608f4613317e,325,growth,stripe $10
2026-04-30T09:43:17,OUT,MENTE,664.222480,0.01493181,day-market,9.9180,≈ $10,0x336b96DC11f4da04F15Eed520012dd0291902054,0x97bc0f06a725e163599de81bae4d00bd8b6c8e536b10596f103e892397788314,200,growth,stripe $10
2026-04-30T09:43:17,OUT,MENTE,664.222480,0.01493181,day-market,9.9180,≈ $10,0x598d784aa668896A3c1625019b48Ded38C32DcF7,0xad607341d4ca0f4ebd628bc85e7fc4885f4a39c211c0647f57f6715945ae7007,258,growth,stripe $10
2026-04-30T09:51:17,OUT,MENTE,664.222480,0.01493181,day-market,9.9180,≈ $10,0xddC45ddea91481f490206d91d6a88Bf23807F751,0x27859231921c29bdbdf6a33ad313cc93ae4c3204950b08f798ef2af0004e74e3,263,growth,stripe $10
2026-04-30T09:51:17,OUT,MENTE,664.222480,0.01493181,day-market,9.9180,≈ $10,0x9da94185bf0D5B324A8eCEf433321E7bFA73c686,0x422272d342b3f61b1d34a8ddee5ed942405a204cc7865409dfab476933a0d063,403,growth,stripe $10
2026-04-30T09:51:17,OUT,MENTE,1328.444961,0.01493181,day-market,19.8361,≈ $20,0xD706c0E74c2BE1B6298bdD529c7C973c5872bC5C,0x6a3e1dc64fbc202c655fdc72b0653edef5bfa99ba5c2c69ccd12e40b658d80db,522,growth,stripe $20
2026-04-30T09:51:17,OUT,MENTE,664.222480,0.01493181,day-market,9.9180,≈ $10,0x18Ee5369D032c79D8159F0B761Ed2b2E3DaaA673,0x715da464ea85063530c25429fef2e7143e41704bbe0d081c478c5a7c58f147cc,272,growth,stripe $10
2026-04-30T09:51:17,OUT,MENTE,664.222480,0.01493181,day-market,9.9180,≈ $10,0x606117Ef8cdB24DA873aF92A7DeF95192d539AE1,0x92acad82fd89d7251b690bb316adb754900c50756364fde7efa2061b0606f070,402,growth,stripe $10
2026-04-30T09:51:17,OUT,MENTE,3985.334883,0.01493181,day-market,59.5083,other size,0x06F72F8CF39B9d7881Ba848A4Ce9d4897f991eDC,0xb499f15d1bb44ed4a2b8ce391b80e473e99309b23f2bc63e03067a588a584545,521,nonstandard,nonstandard (large)
2026-04-30T09:51:17,OUT,MENTE,664.222480,0.01493181,day-market,9.9180,≈ $10,0x51CC0F1ba0032fd7c2231FC41369f40062C3922A,0xc58dc4561890f4f79fc87e176d5694f067e30f19221ce27653bff63c3749c0b8,236,growth,stripe $10
2026-04-30T09:51:17,OUT,MENTE,664.222480,0.01493181,day-market,9.9180,≈ $10,0x06F72F8CF39B9d7881Ba848A4Ce9d4897f991eDC,0xca1e1596e9aee025c442b48629accf1b825919eb6f319fe9d18d91bcfe59c057,262,growth,stripe $10
2026-04-30T09:51:17,OUT,MENTE,664.222480,0.01493181,day-market,9.9180,≈ $10,0x60Ef049C7332E8f2F20A4d726f56EEFB6438E1fE,0xde8417e90bcab4f7d21960973d41f69b847031df074ca546f4c7fe748ff62be0,273,growth,stripe $10
2026-04-30T09:51:19,OUT,MENTE,664.222480,0.01493181,day-market,9.9180,≈ $10,0x98d2bA721D068b3DB921084deC4d4e09F487D91f,0xe301b82a02b72cbe498b5cfd3cbedbfb6aac02be5c792600ecd093acbabaedfe,75,growth,stripe $10
2026-04-30T09:51:27,OUT,MENTE,664.222480,0.01493181,day-market,9.9180,≈ $10,0x06F72F8CF39B9d7881Ba848A4Ce9d4897f991eDC,0x11df3841bfc1ea92a4f7ba3ecb79c10347c3fdcead18794299dac31f84a1cf5d,84,growth,stripe $10
2026-04-30T09:51:27,OUT,MENTE,664.222480,0.01493181,day-market,9.9180,≈ $10,0x06F72F8CF39B9d7881Ba848A4Ce9d4897f991eDC,0x1a97a8fc7d6056abc3499e8a5f9c55ac443ac8bdde2dd20c6935374fade62879,163,growth,stripe $10
2026-04-30T09:51:27,OUT,MENTE,664.222480,0.01493181,day-market,9.9180,≈ $10,0x06F72F8CF39B9d7881Ba848A4Ce9d4897f991eDC,0x5b0566ef900cf65a1668b6f43cc141a3c0d940db9ac008af692a7a64ae34b243,182,growth,stripe $10
2026-04-30T09:51:27,OUT,MENTE,1328.444961,0.01493181,day-market,19.8361,≈ $20,0x1a76F775E055c97B6723061FB7c1E94c64ad8659,0x61e58bed957463e4bdb90d1fe0439c7a72b85326d2385f4b7836242b38e1c3c1,369,growth,stripe $20
2026-04-30T09:51:27,OUT,MENTE,664.222480,0.01493181,day-market,9.9180,≈ $10,0xa3f25A09e7F11c4D0506B2cA2dE57a565CF5e295,0x657fe8f851ce5f9a44a1c4bebcfb610bfb75081d82ea57f83e733a54a9bd003f,128,growth,stripe $10
2026-04-30T09:51:27,OUT,MENTE,332.111240,0.01493181,day-market,4.9590,≈ $5,0x5956c6bBcf20247dAaFBD34EFC8cA8657e37dEF9,0x752be4209770d24c95cde920690da8c3068dfe303259ad2afe34446bd6e411f0,370,growth,referral $5
2026-04-30T09:51:27,OUT,MENTE,664.222480,0.01493181,day-market,9.9180,≈ $10,0x161b07d7A6a1c367C36a0d21d68e461BD8e2dE7A,0x865665c0b7b0e214f67c9077845f79cf7be2e92515cdb29d89d24cb3120fd1f7,89,growth,stripe $10
2026-04-30T09:51:27,OUT,MENTE,1328.444961,0.01493181,day-market,19.8361,≈ $20,0xa61f800F71C91a6E933E6D6BD29564a3D255b012,0x957f3acf047e778c7020f4f93d43a7e8fdb30142a85e6c08e28b2a9fa3ee5d37,221,growth,stripe $20
2026-04-30T09:51:27,OUT,MENTE,664.222480,0.01493181,day-market,9.9180,≈ $10,0x06F72F8CF39B9d7881Ba848A4Ce9d4897f991eDC,0xada70e4b719c3461af7e3af2d5e8a76d013694a1c03f5b2fae1295b10817068d,181,growth,stripe $10
2026-04-30T09:51:29,OUT,MENTE,1328.444961,0.01493181,day-market,19.8361,≈ $20,0x6a43170148901451d23932FbaB8C765c231e6B50,0x0cddfdf4611c6753074aaf095683f148a0e5c95c497bc12579fbfa06008346e3,279,growth,stripe $20
2026-04-30T09:51:37,OUT,MENTE,332.111240,0.01493181,day-market,4.9590,≈ $5,0x57f748cc0c69aA7e53E14BCBda5812ad66B56542,0x04421dd52bbb2a37c5d2ff8158d00b62103eafd5de4bf1c9fd2852e8177e5a48,254,growth,referral $5
2026-04-30T09:51:37,OUT,MENTE,664.222480,0.01493181,day-market,9.9180,≈ $10,0xEb1151505D08fAE2c6C9A292b4240e66179aC64F,0x04f6eb8a730db8c446f59087cb8551f2829770b2241696cafca47e3d59208696,253,growth,stripe $10
2026-04-30T09:51:37,OUT,MENTE,332.111240,0.01493181,day-market,4.9590,≈ $5,0xF65e4690cBA510Dbb3efCa534f931973FF970d82,0x0e0c63025960b1fb94094d8e2658d17e8584aa7ee1cec6677c976d0227e01caf,299,growth,referral $5
2026-04-30T09:51:37,OUT,MENTE,332.111240,0.01493181,day-market,4.9590,≈ $5,0x5a95881e913833dC5Ff85aA115e500802186Db87,0x914adc47359fb82e1d05fa4eda2f91b39ac3789dfd9a1dac776c395b024e386c,270,growth,referral $5
2026-04-30T09:51:37,OUT,MENTE,664.222480,0.01493181,day-market,9.9180,≈ $10,0x723da79a482A5BD6126bD5CCdd7E92F1B86CF5D7,0x9175c68170c4c4084bd8e9d1abdc30859edb8b18c4c29b7a0eb3793ff147a7db,242,growth,stripe $10
2026-04-30T09:51:37,OUT,MENTE,332.111240,0.01493181,day-market,4.9590,≈ $5,0x7baE219bcCC401a67a75eFB111C80b2f314A9c61,0x9e32f46539d77db509472d23e4953b7486b9e9097a3c036c1b07071e740a5ac7,298,growth,referral $5
2026-04-30T09:51:37,OUT,MENTE,664.222480,0.01493181,day-market,9.9180,≈ $10,0x9518Aab213dEb2dB295A18326a8b3cFD089361f6,0xe7e6392512bddca6454440c09785f540d6c5be1b669008c99c5f5f9490f41ae9,214,growth,stripe $10
2026-04-30T09:51:37,OUT,MENTE,664.222480,0.01493181,day-market,9.9180,≈ $10,0xc930bd0B405615B4e2f5E2501f55F5230a5DC99a,0xe85680fb59085e1bf9542aca3b15b960c7e0d685a4c8eae181e5627346ad22d1,241,growth,stripe $10
2026-04-30T09:51:37,OUT,MENTE,332.111240,0.01493181,day-market,4.9590,≈ $5,0x2E12bFa46CAb7e85B29bD6804Bf1192f035f84BD,0xf3e32633350a11ca876b817bfd39fcfe8fb3085c6bc1f3c46deab266dffcb840,271,growth,referral $5
2026-04-30T09:51:37,OUT,MENTE,664.222480,0.01493181,day-market,9.9180,≈ $10,0x8a0B333bBC4A7C113130F7E01cdFeb46Da332007,0xf72b115ada57af49f3bfcc13983bb91947fd940b4172fb7eec7b6231385540aa,175,growth,stripe $10
2026-04-30T09:51:47,OUT,MENTE,332.111240,0.01493181,day-market,4.9590,≈ $5,0x43e8501090190e0975d594249D5e39033B6e1E2a,0x1cb3b4fc89bdbefb0867ed59533bf697c2067e7a7063a4cb0cf3953618363855,327,growth,referral $5
2026-04-30T09:51:47,OUT,MENTE,1328.444961,0.01493181,day-market,19.8361,≈ $20,0xfc717E07A09c8F59de3c229D04A2C7b9Ae8cb7d7,0x22964a6347f1013d68e6fd8077cf009244dc308a9c1f05a1d81b55131a1a3411,373,growth,stripe $20
2026-04-30T09:51:47,OUT,MENTE,664.222480,0.01493181,day-market,9.9180,≈ $10,0x919f7e8761d33056FCd1dbaAe27Efc9B980dbf9b,0x3a2ff1c5033a6efcaa4428832e11a626a8cd1cf83573cfa3b68a0ad5bb87c79f,185,growth,stripe $10
2026-04-30T09:51:47,OUT,MENTE,664.222480,0.01493181,day-market,9.9180,≈ $10,0xA6B01799382b0e634A9065cFB7de6BC866AF57F7,0x643465d2de3a369a703bae9ee51eb9de34a64eaf7ddd0ada4e3d6488149485df,240,growth,stripe $10
2026-04-30T09:51:47,OUT,MENTE,664.222480,0.01493181,day-market,9.9180,≈ $10,0x00D10bD1f99a4C92fEF28F6c0bbF0f742ee0be35,0x9a2a2aecddf68be482fd33a5e83c8012c979dfc9bff68b7ea5935d2a2ac3e7dc,182,growth,stripe $10
2026-04-30T09:51:47,OUT,MENTE,664.222480,0.01493181,day-market,9.9180,≈ $10,0x3FB4b45A38578476BED1D5a03F23Ac198Ac5dbd5,0xd86d9fc9f36c15af30374460c2d5c711d576b64fd6eee97597f8a42572b87739,282,growth,stripe $10
2026-04-30T09:51:47,OUT,MENTE,664.222480,0.01493181,day-market,9.9180,≈ $10,0x26b0b9EC85983b578e3794f1d20b404f4c6F2b88,0xe88c46ff4bae1b32de0ca2043282bdf5d51a555e4409a573eb0d82e53185aae8,198,growth,stripe $10
2026-04-30T09:51:47,OUT,MENTE,664.222480,0.01493181,day-market,9.9180,≈ $10,0x9aB1a6279E301D3fc5b6A42e9b9650AFffD3B330,0xf1a90d165765c418a680ec92358aff06a190100a0df4e9d73ce277b3e6920ba7,341,growth,stripe $10
2026-04-30T09:51:47,OUT,MENTE,664.222480,0.01493181,day-market,9.9180,≈ $10,0xd3221451A58907f9d2ed95bb5449cF04B811eBd2,0xf29a3ce67e68594ece2db688129f7b83ea46c426bada9bbc711a1691cd6919d3,239,growth,stripe $10
2026-04-30T10:05:27,OUT,MENTE,65.758026,0.01493181,day-market,0.9819,≈ $1,0xDa9d9Ec3f3955fC346a24BEda9B7C3eea90Fe5F1,0xbe47d5ea5c45bbc04f253a94d11305e56e535494fb8f695d60887ad5384d6c8c,428,equip,equip
2026-04-30T10:21:27,OUT,MENTE,664.222480,0.01493181,day-market,9.9180,≈ $10,0xaf268A9B3e25A68cfA9c45bb595747108E9eB8c9,0xff0df29d6c3306c5c8e13e98ab77172280b09e5fcba57fd08e060f0f3f893998,225,growth,stripe $10
2026-04-30T10:24:37,OUT,MENTE,1328.444961,0.01493181,day-market,19.8361,≈ $20,0x643A329184ae76C511c16D7Cb22891b82e4641AA,0x8a633060988432f24d91438623ebb5663a0727819e0e655bdaf27118e5ac54e1,206,growth,stripe $20
2026-04-30T10:28:57,IN,MENTE,66144.626575,0.01493181,day-market,987.6590,,0xbDCb95A80d4C770fa811B1FAF0bb4Cf204d310b5,0x91412d885918426c60b5d91ad28a5b2e95ccfd2a625649858884ba2237459c79,139,,
2026-04-30T10:33:17,OUT,MENTE,65.678037,0.01493181,day-market,0.9807,≈ $1,0xEc4A6Badd07f5C41AD3d1927259d6C481B7c5007,0x546a6db19fa282c4d989471236993eb4f9379e27483c43a64137fbbc7f4e7e47,314,equip,equip
2026-04-30T10:34:17,OUT,MENTE,65.678037,0.01493181,day-market,0.9807,≈ $1,0x78f8f65bE72F2Cbf3b10ed47Fd6a289c7974f15c,0x7ec63e8c195beda9c6a3d9655555d7ab3d362bd3197324a6cc758bcf15b0cd78,187,equip,equip
2026-04-30T10:38:27,OUT,MENTE,1326.829039,0.01493181,day-market,19.8120,≈ $20,0x85bDF1380278B6727dc9431ACf6957205eB3AcE0,0x1de947e6344574deed01b36c166289bc4db0380a689d8ded464330c1a5f338eb,387,growth,stripe $20
2026-04-30T10:47:17,OUT,MENTE,664.047955,0.01493181,day-market,9.9154,≈ $10,0x89bDe291232F8c3Cc79bB1f2B86634149Fd59683,0x43d6aa5e8ebbc6e7637b007192e38263f9ae4183117aa8aff0c77c8b12133d4c,435,growth,stripe $10
2026-04-30T10:47:17,OUT,MENTE,664.047955,0.01493181,day-market,9.9154,≈ $10,0x4B9899963d40823b125cb3e0c9CD584A48c6f942,0x7cf3b31eb2a6ec1678fd07295167233bd4c9bec5acdfed9c6af36494d23bb149,432,growth,stripe $10
2026-04-30T11:15:27,OUT,MENTE,65.740748,0.01493181,day-market,0.9816,≈ $1,0xDa9d9Ec3f3955fC346a24BEda9B7C3eea90Fe5F1,0x1114f5d4ca5f87971f92f56b6466341264ce154c19fe97ed83cee779ba356dbc,975,equip,equip
2026-04-30T11:30:57,OUT,MENTE,664.047955,0.01493181,day-market,9.9154,≈ $10,0xEb1151505D08fAE2c6C9A292b4240e66179aC64F,0x0ff2c2ebe21be63e13656c098a66c7d039ed90f740b56928d6700b9998ffef13,605,growth,stripe $10
2026-04-30T11:39:41,OUT,MENTE,65.740748,0.01493181,day-market,0.9816,≈ $1,0x81E476473b7ad46f1566067fF7abeec3Cd7D4Aba,0x2c3d4d7841479248a68c4ded24127555b7db5a77a08ed733f2dc8bd6b3e7a427,873,equip,equip
2026-04-30T11:39:41,OUT,MENTE,65.740748,0.01493181,day-market,0.9816,≈ $1,0xDa9d9Ec3f3955fC346a24BEda9B7C3eea90Fe5F1,0x69e847d97fe102d3f494e6122705159fa8aed69ba9aa11533e831521b5ce8380,1028,equip,equip
2026-04-30T11:39:43,OUT,MENTE,65.740748,0.01493181,day-market,0.9816,≈ $1,0x159D3c83dc810a22ABb838E2b64D7A1b7B8e98A8,0x4ab1851de86b1d6a11182513ad526bc851879dc20aab04d1465e587d327da377,111,equip,equip
2026-04-30T11:53:47,OUT,MENTE,65.740748,0.01493181,day-market,0.9816,≈ $1,0xfe11C2CD4C0BDD43C621cd57dC9aCAD722fb3EF3,0xb8e9af8e044ba06decfe337371db76c1583ae6016754b0d587cc8134a5f2a552,547,equip,equip
2026-04-30T11:53:49,OUT,MENTE,65.740748,0.01493181,day-market,0.9816,≈ $1,0xe7E351CFedA6AbD0b94b15bded94F3198dc62a93,0x61fe8535457821a3fa5b37529be29a6867e7b824bdf489d344962ed2ef1aa9b0,190,equip,equip
2026-04-30T11:54:45,OUT,MENTE,65.740748,0.01493181,day-market,0.9816,≈ $1,0x0fEb1D323786DeA75c085bAbB4dbD422129Ce1ec,0xa47a9e1327bf87f9b435ca7b7279ea888e598c613188340a1dac3eae54c827f5,613,equip,equip
2026-04-30T11:54:45,OUT,MENTE,65.740748,0.01493181,day-market,0.9816,≈ $1,0xb1a54D01B9b53f8D4Fa2b4DA6CCaFA6716bbCa97,0xaf80059a9108d14f6bdd1e6e61c8169bfed76d3b0b3684d5686769d132fc0add,638,equip,equip
2026-04-30T11:54:47,OUT,MENTE,65.740748,0.01493181,day-market,0.9816,≈ $1,0x81E476473b7ad46f1566067fF7abeec3Cd7D4Aba,0x056d49e838497ceb9448c55547fb8f64f869e7f581193a5311fe45eb29c27baa,143,equip,equip
2026-04-30T11:54:47,OUT,MENTE,65.740748,0.01493181,day-market,0.9816,≈ $1,0x36615EA119E2fc2b6231d1Eb60574A7df8200fae,0x10ab04f57e5b77d5d285b976caee1107a864197b0be30f6520c8b9262ed4e249,235,equip,equip
2026-04-30T11:54:47,OUT,MENTE,65.740748,0.01493181,day-market,0.9816,≈ $1,0x31e4b84EB0aF34d74369711f3055556A0454adf9,0x81795fca0d75b5dcabe8820923e09fdbd36fc302622a8d88d865d5353293205f,142,equip,equip
2026-04-30T11:58:07,OUT,MENTE,65.740748,0.01493181,day-market,0.9816,≈ $1,0xb9fb2426AD7805F2E04fD08d3470924BF9bD443E,0x2b73bdc84ff793d667b91cdbc281c0e1d040f1e26c796c56c32e6c00983cf9a1,2316,equip,equip
2026-04-30T11:58:07,OUT,MENTE,65.740748,0.01493181,day-market,0.9816,≈ $1,0x10Ad7959f04ae0cbdaC43922406Cea9bFa580B02,0xabc5cc46432424814b721dc2a28d5ba780a4254bb2f691f26fe6b2ede6bd9d38,2432,equip,equip
2026-04-30T11:58:07,OUT,MENTE,65.740748,0.01493181,day-market,0.9816,≈ $1,0x7afD44D06e16B2dA543270A4617852106705d123,0xf761a92b52c663c4d7633f61d8bf90bfec0bceba13a7c2fe7c0ca7d58482bb3e,2352,equip,equip
2026-04-30T11:58:27,OUT,MENTE,65.740748,0.01493181,day-market,0.9816,≈ $1,0xfe11C2CD4C0BDD43C621cd57dC9aCAD722fb3EF3,0x1764d2ee16d2184c39cf27ea0e3916ca752c20c2b9b9d9b1b62c07f25f585f34,204,equip,equip
2026-04-30T12:07:57,OUT,MENTE,65.740748,0.01493181,day-market,0.9816,≈ $1,0x4d5f7C63A3BB7B489Cc6a944760aC038c5797887,0x2991508082d212de3f0b154a1702e93c34e8eb9ac015cb7dc6893ca47cfb6746,394,equip,equip
2026-04-30T12:08:47,OUT,MENTE,1328.095909,0.01493181,day-market,19.8309,≈ $20,0x7bfbD27d424A5E2F0f9ec61C7f520301AE897320,0x72d24f9ac18c879b76a2bbdac986f76e07e7bb3d391ab3ec825e1b73232aa010,307,growth,stripe $20
2026-04-30T12:10:27,OUT,MENTE,65.740748,0.01493181,day-market,0.9816,≈ $1,0x4d5f7C63A3BB7B489Cc6a944760aC038c5797887,0x4fe81e5f1182e37ec7c907d1c60b90e6497f63a79072a8c3db99a5ce0e9f0fa5,320,equip,equip
2026-04-30T12:15:07,OUT,MENTE,332.023977,0.01493181,day-market,4.9577,≈ $5,0xeaC3B4100d96B1a7cfd12C8b84a0BC3712b4A2FA,0x19363e99c74bbfbf1b7ec7416d3bf9d910a8d6eab020c4ee31259760d13a53f5,711,growth,referral $5
2026-04-30T12:17:57,OUT,MENTE,65.740748,0.01493181,day-market,0.9816,≈ $1,0x4d5f7C63A3BB7B489Cc6a944760aC038c5797887,0x2cba7c6cc6c737d0b11c2ad57f464d3e6f514c326f0083e894494056ad743e01,440,equip,equip
2026-04-30T12:23:17,OUT,MENTE,65.740748,0.01493181,day-market,0.9816,≈ $1,0xDa9d9Ec3f3955fC346a24BEda9B7C3eea90Fe5F1,0x766945cbdee50c14f45e97cf63473e0aa6d3e93d2dc006e0a15fc91e82a73468,437,equip,equip
2026-04-30T12:24:37,OUT,MENTE,65.740748,0.01493181,day-market,0.9816,≈ $1,0xDa9d9Ec3f3955fC346a24BEda9B7C3eea90Fe5F1,0xce1216ae5b457acf5140682918cd07782096f6b112d95ec52a45a99131a6efc2,783,equip,equip
2026-04-30T12:26:27,OUT,MENTE,1328.095909,0.01493181,day-market,19.8309,≈ $20,0xf33122E5228E2dC55081C8C7E2f242cEb59fa3Ce,0xbf727e6860f281fcec9800a58c76a36de1eb5956453239790fba66775173ad78,330,growth,stripe $20
2026-04-30T12:26:47,OUT,MENTE,65.740748,0.01493181,day-market,0.9816,≈ $1,0x5956c6bBcf20247dAaFBD34EFC8cA8657e37dEF9,0xe87645eed606a8f19b81e0e6077de125ccb96103e5942bce214e83f9932276d6,348,equip,equip
2026-04-30T12:35:27,OUT,MENTE,65.740748,0.01493181,day-market,0.9816,≈ $1,0x4d5f7C63A3BB7B489Cc6a944760aC038c5797887,0x4c292c8c68d50af34905645a6d67344dd50ca8b80b9e601783242c2b9e1b608a,485,equip,equip
2026-04-30T12:40:37,OUT,MENTE,664.047955,0.01493181,day-market,9.9154,≈ $10,0x06F72F8CF39B9d7881Ba848A4Ce9d4897f991eDC,0x3c758d936554dc0adde58a943ae8929d062584d8bb02ac710fb18cbe7e088f8d,399,growth,stripe $10
2026-04-30T12:40:37,OUT,MENTE,664.047955,0.01493181,day-market,9.9154,≈ $10,0x465A349F76ffc02cbDD5D7c6Ddc5dF5168Bb0660,0x4ccfbd4b4fbf81aafd22b677356ef034303a7bfefc2634144cb6f47e66d84f18,459,growth,stripe $10
2026-04-30T12:40:37,OUT,MENTE,664.047955,0.01493181,day-market,9.9154,≈ $10,0xf3C2926452f39BE30Cd734539655670D42496a32,0xa5278a2d8f495903571e0be8ccd930bd2b712bc4b9921c34bdc6c197ff772f5c,458,growth,stripe $10
2026-04-30T12:59:59,OUT,MENTE,332.023977,0.01493181,day-market,4.9577,≈ $5,0xab08A648A5CeE4Ec4d58f9Ee047Acf1CC838AC27,0x243e24f9c07b78f9f917382f665144680e8194eb0070bd022126103f7544b61b,36,growth,referral $5
2026-04-30T13:04:47,OUT,MENTE,664.047955,0.01493181,day-market,9.9154,≈ $10,0x20f2D61bb0B041298de780D976357084a5b134dA,0x0c861565f8ce8e84bec6996acf1ac8382a55f54698339b1cbafb1acd63809dff,538,growth,stripe $10
2026-04-30T13:07:39,OUT,MENTE,65.740748,0.01493181,day-market,0.9816,≈ $1,0x5956c6bBcf20247dAaFBD34EFC8cA8657e37dEF9,0x2994caf85256ed59d0bd10ac69a11428bcfa087689365acdb985a73b187dfda3,208,equip,equip
2026-04-30T13:07:39,OUT,MENTE,65.740748,0.01493181,day-market,0.9816,≈ $1,0x5956c6bBcf20247dAaFBD34EFC8cA8657e37dEF9,0x306b3a10f80b778e2a75abecac1287624cd049a549cd4af71e3e88b6e44d8292,79,equip,equip
2026-04-30T13:07:39,OUT,MENTE,65.740748,0.01493181,day-market,0.9816,≈ $1,0x5956c6bBcf20247dAaFBD34EFC8cA8657e37dEF9,0xa0e1f0d7b08433eb2f856843358f379cd7c53417b3a40660e9bf2b8169968a24,88,equip,equip
2026-04-30T13:16:39,OUT,MENTE,664.047955,0.01493181,day-market,9.9154,≈ $10,0x161b07d7A6a1c367C36a0d21d68e461BD8e2dE7A,0xe0dfb01b07d87f3e2bf1d12edba02e0cc6d14debadbad0c3c9fedee54c338643,111,growth,stripe $10
2026-04-30T13:23:29,OUT,MENTE,65.740748,0.01493181,day-market,0.9816,≈ $1,0x10Ad7959f04ae0cbdaC43922406Cea9bFa580B02,0x1b55e55275518c426e93969785126a79ca269fb74ee495f26baadf3a75ddc461,424,equip,equip
2026-04-30T13:23:29,OUT,MENTE,65.740748,0.01493181,day-market,0.9816,≈ $1,0xa37b10C5934146dfE95e2D376eCA86FaeDa44295,0x57ff0706123a4d40a700cde6a2b0dd0141e56daf960c3bf8ba731e7e9a881177,429,equip,equip
2026-04-30T13:26:59,OUT,MENTE,664.047955,0.01493181,day-market,9.9154,≈ $10,0x67114B3CE03825D3a67bB2E21849159b3270e690,0x87dd1399257fe73caa3db15314f0988758e0d6cf7e913d0cad37ea83ad1fb388,188,growth,stripe $10
2026-04-30T13:47:39,OUT,MENTE,65.740748,0.01493181,day-market,0.9816,≈ $1,0x5956c6bBcf20247dAaFBD34EFC8cA8657e37dEF9,0x2ad603ac5664d149bf6471490583d39cc1b29ff34af0ac4da08ebadb99c716e8,191,equip,equip
2026-04-30T13:47:49,OUT,MENTE,65.740748,0.01493181,day-market,0.9816,≈ $1,0x5956c6bBcf20247dAaFBD34EFC8cA8657e37dEF9,0x4475af40c74d2033be19f3aee6fe1396ae959692469caf7c01ae850d03d008a0,91,equip,equip
2026-04-30T13:47:59,OUT,MENTE,65.740748,0.01493181,day-market,0.9816,≈ $1,0x5956c6bBcf20247dAaFBD34EFC8cA8657e37dEF9,0x2cee4f8aa4a1f470b1a8df3a23ceb10e7ebdb6059fd356365fc37b4d8fca56c6,73,equip,equip
2026-04-30T13:47:59,OUT,MENTE,65.740748,0.01493181,day-market,0.9816,≈ $1,0x5956c6bBcf20247dAaFBD34EFC8cA8657e37dEF9,0xda63bdab8ad6f6ece6591222f0068d511d90fd314683b9f7fcc7c094f6893587,72,equip,equip
2026-04-30T13:50:39,OUT,MENTE,65.740748,0.01493181,day-market,0.9816,≈ $1,0x5956c6bBcf20247dAaFBD34EFC8cA8657e37dEF9,0x03b81a660cb19590aca699a93474a6297d2c40f76102dc9fc315a9375f930741,89,equip,equip
2026-04-30T13:50:39,OUT,MENTE,65.740748,0.01493181,day-market,0.9816,≈ $1,0x5956c6bBcf20247dAaFBD34EFC8cA8657e37dEF9,0x8ce809a5e21e71b656c2d869a15aca87361902d55003493b9cc0b5a08df8d113,90,equip,equip
2026-04-30T13:52:09,OUT,MENTE,65.740748,0.01493181,day-market,0.9816,≈ $1,0x5956c6bBcf20247dAaFBD34EFC8cA8657e37dEF9,0x747f5dd919be2cb11c2b0413acd0d4cae0335f55ddf134f025db16516c0b64f2,237,equip,equip
2026-04-30T14:16:29,OUT,MENTE,664.047955,0.01493181,day-market,9.9154,≈ $10,0xAA41B3297E9A242259f4eED23E1F88c4148648A2,0x735f839f0a93eab5ccfffc60f1ac5e4a15ea0ffef301dbfad285f1292e8301e4,1510,growth,stripe $10
2026-04-30T14:19:09,OUT,MENTE,65.740748,0.01493181,day-market,0.9816,≈ $1,0x9c628B29b997360E349bf966D7B6f976c5F8542c,0x48ac99d3b180bdab5259fefb7eea7bd47425bbf267a98919afbcd3a13202bae5,580,equip,equip
2026-04-30T14:25:09,OUT,MENTE,65.740748,0.01493181,day-market,0.9816,≈ $1,0xDa9d9Ec3f3955fC346a24BEda9B7C3eea90Fe5F1,0x44cd00378aa809ca767821492e5d6de6d2badc9459abd47ad613b0d17a49e0fe,675,equip,equip
2026-04-30T14:26:19,OUT,MENTE,65.740748,0.01493181,day-market,0.9816,≈ $1,0xe7E351CFedA6AbD0b94b15bded94F3198dc62a93,0x91ccb21fbcf474ed397ccad18f8f189bf0149b2bc03df74a3e5604b98e058813,86,equip,equip
2026-04-30T14:27:59,OUT,MENTE,65.740748,0.01493181,day-market,0.9816,≈ $1,0xfe11C2CD4C0BDD43C621cd57dC9aCAD722fb3EF3,0x3db50c2c123f30ce37857b4937d633ac8f5ae42abd388c993078f3399e09cd75,114,equip,equip
2026-04-30T14:35:29,OUT,MENTE,65.740748,0.01493181,day-market,0.9816,≈ $1,0xb9fb2426AD7805F2E04fD08d3470924BF9bD443E,0x74df1df7316e8d1c3cff48d8b5a0126f324225004d3530d07357dc4d13a260af,412,equip,equip
2026-04-30T14:35:29,OUT,MENTE,65.740748,0.01493181,day-market,0.9816,≈ $1,0x10Ad7959f04ae0cbdaC43922406Cea9bFa580B02,0x799762ce5cc313bd79b9613c72827690dba8232410bed03e2fbf103a5c514608,399,equip,equip
2026-04-30T14:35:29,OUT,MENTE,65.740748,0.01493181,day-market,0.9816,≈ $1,0x7afD44D06e16B2dA543270A4617852106705d123,0xeb0d718abc0f63ec4def0774502cae1c2571a1c08d612ae6ccf23a46e19cb623,395,equip,equip
2026-04-30T14:40:39,OUT,MENTE,65.740748,0.01493181,day-market,0.9816,≈ $1,0xDa9d9Ec3f3955fC346a24BEda9B7C3eea90Fe5F1,0xaf26ed3c46222bef78b1722c08eac786ac11ca963a6392d809f8e7e16293a079,459,equip,equip
2026-04-30T14:45:23,OUT,MENTE,65.740748,0.01493181,day-market,0.9816,≈ $1,0x20F197dAD201CD45B78Fd0059C577e4F2F2Fd711,0x7ad0091db58d3e1297cfb966ffec9c9bee07c9f2a4394491f2fbd32d4b4e5e39,535,equip,equip
2026-04-30T14:45:23,OUT,MENTE,65.740748,0.01493181,day-market,0.9816,≈ $1,0x159D3c83dc810a22ABb838E2b64D7A1b7B8e98A8,0xccacfc700bad76a74c1d3c531d54bf624a962172f1f94f727e2aca86f316702b,578,equip,equip
2026-04-30T14:45:23,OUT,MENTE,65.740748,0.01493181,day-market,0.9816,≈ $1,0x20F197dAD201CD45B78Fd0059C577e4F2F2Fd711,0xd2e74cfe43f985206f29bbc6e851f74bd9bc132f64ea6377bd7856a7146f83ac,522,equip,equip
2026-04-30T14:47:59,OUT,MENTE,65.740748,0.01493181,day-market,0.9816,≈ $1,0xDa9d9Ec3f3955fC346a24BEda9B7C3eea90Fe5F1,0xff9fefb8f3750ae53b0565d82bd71246f6e89839ca2a9b1320bfac8ed44cdddd,578,equip,equip
2026-04-30T14:54:09,OUT,MENTE,664.047955,0.01493181,day-market,9.9154,≈ $10,0x211b2e2599C4D3835eE9d9DCb1DD8F2fa52F9690,0x4292deb1df24ec5ed316593264a5f293ef92404c2e15bb61b406c028eee57fc5,409,growth,stripe $10
2026-04-30T15:08:09,OUT,MENTE,65.740748,0.01493181,day-market,0.9816,≈ $1,0xfe11C2CD4C0BDD43C621cd57dC9aCAD722fb3EF3,0xc76abec175dac5e5b439e723c2660badd6c9559c9eb473bedaa4b46971a12e53,590,equip,equip
2026-04-30T15:08:09,OUT,MENTE,65.740748,0.01493181,day-market,0.9816,≈ $1,0xfe11C2CD4C0BDD43C621cd57dC9aCAD722fb3EF3,0xcad4f2cc5e409e5cd46402cb04b72a08e439207ee688a7074b54a3a5c4980863,594,equip,equip
2026-04-30T15:08:09,OUT,MENTE,65.740748,0.01493181,day-market,0.9816,≈ $1,0xb9fb2426AD7805F2E04fD08d3470924BF9bD443E,0xd77c8edb06b92a74132b9a591c7d636226dd0ebc095be1e219df39f46ccb75ac,612,equip,equip
2026-04-30T15:12:19,OUT,MENTE,1328.095909,0.01493181,day-market,19.8309,≈ $20,0xE1f5915485A4870E59Fa3671763a78802449a16a,0xe341206f1a4b769012535a885c97bc07f2b2b1044d31488b23d5c8b4f13f1a67,237,growth,stripe $20
2026-04-30T15:15:49,OUT,MENTE,1328.095909,0.01493181,day-market,19.8309,≈ $20,0x06c813999Bb312aaC84077e94aD3201e59538410,0xd8606e980b0985ae086b8da1350ed7c4abb9644dbe380f851dae8e22cd33947d,604,growth,stripe $20
2026-04-30T15:26:49,OUT,MENTE,65.740748,0.01493181,day-market,0.9816,≈ $1,0x6E415eB1aFeD87effa5bC8034B88A2C54F78fCB7,0x2a88fd547c68f023b8d1f7388199ad702b4f71d3692242e6cb6dbb0c1bba5d6e,770,equip,equip
2026-04-30T15:26:49,OUT,MENTE,65.740748,0.01493181,day-market,0.9816,≈ $1,0xDa9d9Ec3f3955fC346a24BEda9B7C3eea90Fe5F1,0xf8c3f760cc955c02fc64a58577c18eaa9ff9e3e01b58d557bd9085a28dfbee57,765,equip,equip
2026-04-30T15:32:09,OUT,MENTE,664.047955,0.01493181,day-market,9.9154,≈ $10,0xa03273D5479e0C71674e014776fEdd44BFdB185B,0x0e7211cea87f3dc258eaa9eb16d2a2cfc99e4e3b54466eb4e2c9d9c409855d3c,1073,growth,stripe $10
2026-04-30T15:45:59,OUT,MENTE,1328.095909,0.01493181,day-market,19.8309,≈ $20,0x049A39e7E34ca95C795D8D8C912e39EE7995e9e8,0xbdfc4a2749182436570d37c2a873a3fb30bcf54a2bd9fc62f030889109db4781,407,growth,stripe $20
2026-04-30T15:59:19,OUT,MENTE,1328.095909,0.01493181,day-market,19.8309,≈ $20,0xcCa2e389d44Ea982d6CBb15140B9bBF96963A09e,0xe3496954cfafc687c21cd62b880fd01913c17b5a0a20fb9b88917e8a44383652,338,growth,stripe $20
2026-04-30T16:13:29,OUT,MENTE,664.047955,0.01493181,day-market,9.9154,≈ $10,0x7c54a05D3425719E2c88A7cEd0a3E5C337F8A0Cd,0x15a413d9709d905b31f84083cef99b1dc805af5ba9d9d002f5aa93819b97c310,880,growth,stripe $10
2026-04-30T16:24:29,OUT,MENTE,65.740748,0.01493181,day-market,0.9816,≈ $1,0x9c628B29b997360E349bf966D7B6f976c5F8542c,0x267d8824189dd7d222e6b3e3749d9653e9c6b405afa8948407641538424c4312,700,equip,equip
2026-04-30T16:24:29,OUT,MENTE,65.740748,0.01493181,day-market,0.9816,≈ $1,0xDa9d9Ec3f3955fC346a24BEda9B7C3eea90Fe5F1,0x500982172fea7e22d8ea40f18832accb45662901b86bcafd2f917ab445b291f2,679,equip,equip
2026-04-30T16:38:09,OUT,MENTE,65.740748,0.01493181,day-market,0.9816,≈ $1,0x843a8F0031147a7d6512e803636F2fA4CE514749,0x4c3aaca2492d83636056e92f910d805c193e853c804e14d7231d8d597bdf8b60,766,equip,equip
2026-04-30T16:44:41,OUT,MENTE,65.740748,0.01493181,day-market,0.9816,≈ $1,0x10Ad7959f04ae0cbdaC43922406Cea9bFa580B02,0x901c1eb500fe11c01cde193fd0856407c3787bbc625bf90dbdeb4606d5d004fd,52,equip,equip
2026-04-30T16:54:41,OUT,MENTE,65.740748,0.01493181,day-market,0.9816,≈ $1,0xfe11C2CD4C0BDD43C621cd57dC9aCAD722fb3EF3,0x315523ed715142aa9d6a0a70a83184e562d11e4c76f292c4934a677824ef6427,57,equip,equip
2026-04-30T16:54:41,OUT,MENTE,65.740748,0.01493181,day-market,0.9816,≈ $1,0xfe11C2CD4C0BDD43C621cd57dC9aCAD722fb3EF3,0x671e9633ae6b59fa8a14710a7d2e2b0317f5266563fa05d8e85a7a3c40c70c57,55,equip,equip
2026-04-30T16:54:41,OUT,MENTE,65.740748,0.01493181,day-market,0.9816,≈ $1,0xb9fb2426AD7805F2E04fD08d3470924BF9bD443E,0xa743639bc2c45f510d08ba2c5c81301baa347b3a417883c2812989980c549c7f,67,equip,equip
2026-04-30T17:18:41,OUT,MENTE,65.740748,0.01493181,day-market,0.9816,≈ $1,0x4d5f7C63A3BB7B489Cc6a944760aC038c5797887,0xd0294e28cb188237824e902b764bbff31f57e1fce09018b8644c13efef15dc03,50,equip,equip
2026-04-30T18:10:21,OUT,MENTE,65.740748,0.01493181,day-market,0.9816,≈ $1,0xfe11C2CD4C0BDD43C621cd57dC9aCAD722fb3EF3,0x00fb3e44a2524ba2727f9f0e98a9eaeea4d426a1ddede9f86c4c6b8f48fbbd6e,234,equip,equip
2026-04-30T18:10:21,OUT,MENTE,65.740748,0.01493181,day-market,0.9816,≈ $1,0xfe11C2CD4C0BDD43C621cd57dC9aCAD722fb3EF3,0xb290c5f22da70731ac4ddee4a3023419a887abf691edd5680ed4579a52828a37,232,equip,equip
2026-04-30T18:10:21,OUT,MENTE,65.740748,0.01493181,day-market,0.9816,≈ $1,0xb9fb2426AD7805F2E04fD08d3470924BF9bD443E,0xb5ef709b6fdd47ed08ff48d0b98ce3c23f96f27de7689a9114feeb979fbbc13c,310,equip,equip
2026-04-30T18:18:51,OUT,MENTE,65.740748,0.01493181,day-market,0.9816,≈ $1,0xfac386E3E2a9765BD45F0AE717De6D40f811C8e0,0xec4c55e87e1fe2304118e10c45f7693ff9af74b53833150b1f9208db69ffc18c,209,equip,equip
2026-04-30T18:20:11,OUT,MENTE,65.740748,0.01493181,day-market,0.9816,≈ $1,0x9c628B29b997360E349bf966D7B6f976c5F8542c,0xc93a0f1c37f791122f7aea8503fd19b682df85707e506358fb57f92c6b87dbcd,193,equip,equip
2026-04-30T18:37:01,OUT,MENTE,664.047955,0.01493181,day-market,9.9154,≈ $10,0xb8eb31F23D36A627B3b10D39982F6ee3a2edb448,0xded480f42f4cf0b6ff0da69cf4d82601e1798c67d0a6ed2fe715e8e0fd895a25,293,growth,stripe $10
2026-04-30T18:40:01,OUT,MENTE,65.740748,0.01493181,day-market,0.9816,≈ $1,0x502eC0D838e949d27D11a16Af02D2c798F538777,0xcbaa2deb180c0077511a93ce7affd157f0748688f6f9a17c847407c1f0c51812,137,equip,equip
2026-04-30T19:07:11,OUT,MENTE,65.740748,0.01493181,day-market,0.9816,≈ $1,0x2eD2C1aB26bcF22f566cE476A5545F59B4Bc4eB5,0x65fd6cffb830364d4d18866d28393fb404858bcdb56ca52248c4fdf4a77624ba,267,equip,equip
2026-04-30T19:23:51,OUT,MENTE,65.740748,0.01493181,day-market,0.9816,≈ $1,0x10Ad7959f04ae0cbdaC43922406Cea9bFa580B02,0x1e59b8a8d525c02141d9b92118609a2739e57cc3fad54c2e7d0ce373e4fe6d26,574,equip,equip
2026-04-30T19:23:51,OUT,MENTE,65.740748,0.01493181,day-market,0.9816,≈ $1,0xa37b10C5934146dfE95e2D376eCA86FaeDa44295,0x1f310c9251142cddf79cf5227ba0d8aa329c2f9404fc8462b4c1bff3b3fadd2d,593,equip,equip
2026-04-30T19:24:11,OUT,MENTE,664.047955,0.01493181,day-market,9.9154,≈ $10,0x43e8501090190e0975d594249D5e39033B6e1E2a,0xf99ccb79f5c5c85d3b20589bf525434c1ae8e1a377f21d10b4458ba0e5d77547,551,growth,stripe $10
2026-04-30T19:25:11,OUT,MENTE,65.740748,0.01493181,day-market,0.9816,≈ $1,0xb9fb2426AD7805F2E04fD08d3470924BF9bD443E,0x4d1356dc43e37cc6f8467e3845f47e1179ea3e3b8372707011624d32451c07bb,159,equip,equip
2026-04-30T20:05:21,OUT,MENTE,65.740748,0.01493181,day-market,0.9816,≈ $1,0x7afD44D06e16B2dA543270A4617852106705d123,0x19340d81ee5de566e8041fc8e2a257b1f394a729abb5e596248d0fff70d9dc96,356,equip,equip
2026-04-30T20:05:21,OUT,MENTE,65.740748,0.01493181,day-market,0.9816,≈ $1,0x10Ad7959f04ae0cbdaC43922406Cea9bFa580B02,0x7118a1a0343abac11b851104488470e28c94d02c8c1e9c6b155936341e20cd3b,316,equip,equip
2026-04-30T20:05:21,OUT,MENTE,65.740748,0.01493181,day-market,0.9816,≈ $1,0xb9fb2426AD7805F2E04fD08d3470924BF9bD443E,0x731c599c77de4f2c52d533124a746da2e31d5ee406526d3372a53b8282c0cde4,357,equip,equip
2026-04-30T20:23:51,OUT,MENTE,1328.095909,0.01493181,day-market,19.8309,≈ $20,0xc02989B32E26071b3501EbE3F7aF90281D31e03C,0x235e8773f58ec0a01afc6604fbd4cdd8bafd058eb6c76297ec076422bd3d420e,383,growth,stripe $20
2026-04-30T20:32:11,OUT,MENTE,1328.095909,0.01493181,day-market,19.8309,≈ $20,0x41DAb2a65FB4B8DE55ec246DB544208f94c0a81f,0x6d30c197cd7ae4cf19694d764e3223c59728892685896ec985149552688b993a,289,growth,stripe $20
2026-04-30T20:33:01,OUT,MENTE,1328.095909,0.01493181,day-market,19.8309,≈ $20,0x2d8953d072cABb22bC7Da1ed8F116723C4394C22,0x78a29c1acb718560c1b1da9933ffa15f1bb1ed145210f957d8342acbeca06d59,258,growth,stripe $20
2026-04-30T20:42:01,OUT,MENTE,65.740748,0.01493181,day-market,0.9816,≈ $1,0x10Ad7959f04ae0cbdaC43922406Cea9bFa580B02,0xe72c4484a46a225d22f60c1fe11bd8c5e971c413e69c5d8a24301d04259cf5ce,473,equip,equip
2026-04-30T20:42:01,OUT,MENTE,65.740748,0.01493181,day-market,0.9816,≈ $1,0xa37b10C5934146dfE95e2D376eCA86FaeDa44295,0xf62b3251eaf9f482b19e48de850117959158aab52ef570a77eefa9ed5e55af1e,509,equip,equip
2026-04-30T20:44:21,OUT,MENTE,65.740748,0.01493181,day-market,0.9816,≈ $1,0xb9fb2426AD7805F2E04fD08d3470924BF9bD443E,0xf4c486d72309616326570cbf26263d9dcfb5c92219b2d646911228306cdfb7b8,438,equip,equip
2026-04-30T20:50:11,OUT,MENTE,664.047955,0.01493181,day-market,9.9154,≈ $10,0x10636abD01C4fE6dF8ba75754B9A76736648f590,0x53c656689e0acd93e1ec17ddc2dfd94cb48fa73c8b50b55cb1420a4183f613fa,362,growth,stripe $10
2026-04-30T20:50:11,OUT,MENTE,664.047955,0.01493181,day-market,9.9154,≈ $10,0xcf3973f4e66B417ABDAc9f4da666Cde7C6B674e0,0xfe7f1db2c6eab75aa374388f91ab0c5ad7ab9d4a940161ec1702d7e9739bd9f0,372,growth,stripe $10
2026-04-30T20:56:31,OUT,MENTE,65.740748,0.01493181,day-market,0.9816,≈ $1,0xDa9d9Ec3f3955fC346a24BEda9B7C3eea90Fe5F1,0xbc1814987e5f77331117b1537f1542876466921e5b7a8dae9e1ad62e95ad8e9a,368,equip,equip
2026-04-30T21:31:23,OUT,MENTE,664.048932,0.01493181,day-market,9.9155,≈ $10,0x3942b5C42135D11535D430BEeD7811d7BB7aB710,0x800d528e98022847847d61ddaed64ed29cbdfcca27454fd8a93de2677133d999,106,growth,stripe $10
2026-04-30T21:32:21,OUT,MENTE,65.740844,0.01493181,day-market,0.9816,≈ $1,0xDa9d9Ec3f3955fC346a24BEda9B7C3eea90Fe5F1,0x6004423d756db5a6cd25bb8d906d838724feb5af29a64e37545261a066aebf86,546,equip,equip
2026-04-30T21:32:21,OUT,MENTE,65.740844,0.01493181,day-market,0.9816,≈ $1,0xDa9d9Ec3f3955fC346a24BEda9B7C3eea90Fe5F1,0xa6a6b5e5e88a34526d41144a4db8ff1c8f8129b48f881be5e6627f03eb3f799b,584,equip,equip
2026-04-30T22:01:03,OUT,MENTE,65.740844,0.01493181,day-market,0.9816,≈ $1,0xc8c3C36B0cd02b0FEC63216d3686EbC3F78D0Ce2,0x767d0ef7762eeee38a04a753be318217ac7a5e95523740284d7554fa74ed70f8,75,equip,equip
2026-04-30T22:07:23,OUT,MENTE,65.742453,0.01493181,day-market,0.9817,≈ $1,0xfe11C2CD4C0BDD43C621cd57dC9aCAD722fb3EF3,0xcf3aff632b14024f7651826c9b5cd1e3f23ce547ab1ef725afbca63d72964318,251,equip,equip
2026-04-30T22:09:43,OUT,MENTE,65.742453,0.01493181,day-market,0.9817,≈ $1,0xEc4A6Badd07f5C41AD3d1927259d6C481B7c5007,0x3295a2cceb89967f98eaf129d3d00398b779fed6b4d11a596fc0906af46d7580,101,equip,equip
2026-04-30T22:09:43,OUT,MENTE,65.742453,0.01493181,day-market,0.9817,≈ $1,0x9c628B29b997360E349bf966D7B6f976c5F8542c,0x90e5337adf53afde83a41aa88337d283e0813e2bc8ddb0314b747ce08e17fb6d,102,equip,equip
2026-04-30T22:09:43,OUT,MENTE,65.742453,0.01493181,day-market,0.9817,≈ $1,0xb1a54D01B9b53f8D4Fa2b4DA6CCaFA6716bbCa97,0xbce720c5ca9231ff4eb621fd257001c1c2ab4c42a043ab198f0ce0d25418b44f,108,equip,equip
2026-04-30T22:11:43,OUT,MENTE,65.742453,0.01493181,day-market,0.9817,≈ $1,0xDa9d9Ec3f3955fC346a24BEda9B7C3eea90Fe5F1,0x3c7613036f58ac58d7acb1413c849998bcf38e24ab2e4cdc04ecf3d76628b577,107,equip,equip
2026-04-30T22:11:43,OUT,MENTE,65.742453,0.01493181,day-market,0.9817,≈ $1,0x6E415eB1aFeD87effa5bC8034B88A2C54F78fCB7,0x6a1599313e6516aae16546cbcc191d915fd3d488ed1956cdff8725faedae9e31,102,equip,equip
2026-04-30T22:14:13,OUT,MENTE,65.742453,0.01493181,day-market,0.9817,≈ $1,0x7afD44D06e16B2dA543270A4617852106705d123,0x2d5bec7b993cc3928038b38b124e7e371985ae506c8e8a83e98af05fc29246ce,109,equip,equip
2026-04-30T22:14:13,OUT,MENTE,65.742453,0.01493181,day-market,0.9817,≈ $1,0x10Ad7959f04ae0cbdaC43922406Cea9bFa580B02,0xc6da643ea1ecd4be73dfb2b180c055f51588031c58fce295468c27e3972cec4a,211,equip,equip
2026-04-30T22:24:53,OUT,MENTE,65.742453,0.01493181,day-market,0.9817,≈ $1,0x6E415eB1aFeD87effa5bC8034B88A2C54F78fCB7,0xd10a2fe492390c002ac76055c65c585e9371d5ab8c4da168d168e5ae3a195e0d,293,equip,equip
2026-04-30T22:41:27,OUT,MENTE,65.744598,0.01493181,day-market,0.9817,≈ $1,0xa37b10C5934146dfE95e2D376eCA86FaeDa44295,0xd5910c1855e0eac8ce9b451a5b6a7ab2646d48d095a6302752f0f769e7feb861,570,equip,equip
2026-04-30T22:41:27,OUT,MENTE,65.744598,0.01493181,day-market,0.9817,≈ $1,0xfE248147f99EFfbB6f1Fc2E1aBd708214Af51222,0xe6ed07c78cd4ecb412aee3817c3dd66d63cda52020740a471d715e709213dca2,571,equip,equip
2026-04-30T22:41:27,OUT,MENTE,65.744598,0.01493181,day-market,0.9817,≈ $1,0xa37b10C5934146dfE95e2D376eCA86FaeDa44295,0xfa3952f1b0e3630feca982c883b21144e69d58933665babbf89c3053dcf43bfc,537,equip,equip
2026-04-30T23:13:53,OUT,MENTE,65.744598,0.01493181,day-market,0.9817,≈ $1,0x5956c6bBcf20247dAaFBD34EFC8cA8657e37dEF9,0xe799ada9e29d20593e7a6aff31bb8e11f534c4823f8484b2645d62e8e90b5599,372,equip,equip
2026-04-30T23:31:33,OUT,MENTE,65.744598,0.01493181,day-market,0.9817,≈ $1,0x7afD44D06e16B2dA543270A4617852106705d123,0x185c1347b1a3db8486e61f2d40f7f50ec387d4c2cfdb9cacc5c70a0a0737f0ba,264,equip,equip
2026-04-30T23:31:33,OUT,MENTE,65.744598,0.01493181,day-market,0.9817,≈ $1,0x10Ad7959f04ae0cbdaC43922406Cea9bFa580B02,0x58fdedf2843c9c28a05b110c746907bbf40ea001960eecd5cd7d4bb18bcea9a4,331,equip,equip
2026-04-30T23:31:33,OUT,MENTE,65.744598,0.01493181,day-market,0.9817,≈ $1,0xb9fb2426AD7805F2E04fD08d3470924BF9bD443E,0xf1c10b610b8ec5a9f4075608632a54c8c6510262510dc7ce9f72b2c6ae671553,332,equip,equip
2026-04-30T23:33:23,OUT,MENTE,65.744598,0.01493181,day-market,0.9817,≈ $1,0xa37b10C5934146dfE95e2D376eCA86FaeDa44295,0x245ed46fba3e7a07edc0660db024aa0085c451612d1c50f75e5bf1ea30f2f0a5,874,equip,equip
2026-04-30T23:33:23,OUT,MENTE,65.744598,0.01493181,day-market,0.9817,≈ $1,0x10Ad7959f04ae0cbdaC43922406Cea9bFa580B02,0x4186019dd446adbec94904f52605c689dffc65f04a0fd3485ed2c07a613af650,830,equip,equip
2026-04-30T23:50:43,OUT,MENTE,65.744598,0.01493181,day-market,0.9817,≈ $1,0xDa9d9Ec3f3955fC346a24BEda9B7C3eea90Fe5F1,0x9977fd59ec778a23263441ce02dab5decb48513afb893032ea5134e5ae266e9b,390,equip,equip
2026-04-30T23:50:43,OUT,MENTE,65.744598,0.01493181,day-market,0.9817,≈ $1,0xdE21B2c7598B33ad06648a86477B44B58d726878,0x9ae3da460ea86fb8a578a446a492ae209f5a91f6c37c0716f93644b22b04ea85,366,equip,equip
